year;psmsl_id;name;height;surge_anomaly;surge;source;method;station
1862;20;Vlissingen;-142;0;NA;psmsl;NA;Vlissingen
1863;20;Vlissingen;-161;0;NA;psmsl;NA;Vlissingen
1864;20;Vlissingen;-196;0;NA;psmsl;NA;Vlissingen
1865;20;Vlissingen;-167;0;NA;psmsl;NA;Vlissingen
1866;20;Vlissingen;-95;0;NA;psmsl;NA;Vlissingen
1867;20;Vlissingen;-96;0;NA;psmsl;NA;Vlissingen
1868;20;Vlissingen;-104;0;NA;psmsl;NA;Vlissingen
1869;20;Vlissingen;-102;0;NA;psmsl;NA;Vlissingen
1870;20;Vlissingen;-168;0;NA;psmsl;NA;Vlissingen
1871;20;Vlissingen;-172;0;NA;psmsl;NA;Vlissingen
1872;20;Vlissingen;-132;0;NA;psmsl;NA;Vlissingen
1873;20;Vlissingen;-127;0;NA;psmsl;NA;Vlissingen
1874;20;Vlissingen;-144;0;NA;psmsl;NA;Vlissingen
1875;20;Vlissingen;-172;0;NA;psmsl;NA;Vlissingen
1876;20;Vlissingen;-117;0;NA;psmsl;NA;Vlissingen
1877;20;Vlissingen;-73;0;NA;psmsl;NA;Vlissingen
1878;20;Vlissingen;-103;0;NA;psmsl;NA;Vlissingen
1879;20;Vlissingen;-144;0;NA;psmsl;NA;Vlissingen
1880;20;Vlissingen;-119;0;NA;psmsl;NA;Vlissingen
1881;20;Vlissingen;-148;0;NA;psmsl;NA;Vlissingen
1882;20;Vlissingen;-164;0;NA;psmsl;NA;Vlissingen
1883;20;Vlissingen;-171;0;NA;psmsl;NA;Vlissingen
1884;20;Vlissingen;-186;0;NA;psmsl;NA;Vlissingen
1885;20;Vlissingen;-207;0;NA;psmsl;NA;Vlissingen
1886;20;Vlissingen;-210;0;NA;psmsl;NA;Vlissingen
1887;20;Vlissingen;-289;0;NA;psmsl;NA;Vlissingen
1888;20;Vlissingen;-323;0;NA;psmsl;NA;Vlissingen
1889;20;Vlissingen;-275;0;NA;psmsl;NA;Vlissingen
1890;20;Vlissingen;-252;0;NA;psmsl;NA;Vlissingen
1891;20;Vlissingen;-280;0;NA;psmsl;NA;Vlissingen
1892;20;Vlissingen;-279;0;NA;psmsl;NA;Vlissingen
1893;20;Vlissingen;-253;0;NA;psmsl;NA;Vlissingen
1894;20;Vlissingen;-204;0;NA;psmsl;NA;Vlissingen
1895;20;Vlissingen;-220;0;NA;psmsl;NA;Vlissingen
1896;20;Vlissingen;-240;0;NA;psmsl;NA;Vlissingen
1897;20;Vlissingen;-261;0;NA;psmsl;NA;Vlissingen
1898;20;Vlissingen;-229;0;NA;psmsl;NA;Vlissingen
1899;20;Vlissingen;-221;0;NA;psmsl;NA;Vlissingen
1900;20;Vlissingen;-275;0;NA;psmsl;NA;Vlissingen
1901;20;Vlissingen;-308;0;NA;psmsl;NA;Vlissingen
1902;20;Vlissingen;-323;0;NA;psmsl;NA;Vlissingen
1903;20;Vlissingen;-178;0;NA;psmsl;NA;Vlissingen
1904;20;Vlissingen;-191;0;NA;psmsl;NA;Vlissingen
1905;20;Vlissingen;-220;0;NA;psmsl;NA;Vlissingen
1906;20;Vlissingen;-212;0;NA;psmsl;NA;Vlissingen
1907;20;Vlissingen;-202;0;NA;psmsl;NA;Vlissingen
1908;20;Vlissingen;-204;0;NA;psmsl;NA;Vlissingen
1909;20;Vlissingen;-178;0;NA;psmsl;NA;Vlissingen
1910;20;Vlissingen;-171;0;NA;psmsl;NA;Vlissingen
1911;20;Vlissingen;-209;0;NA;psmsl;NA;Vlissingen
1912;20;Vlissingen;-154;0;NA;psmsl;NA;Vlissingen
1913;20;Vlissingen;-160;0;NA;psmsl;NA;Vlissingen
1914;20;Vlissingen;-184;0;NA;psmsl;NA;Vlissingen
1915;20;Vlissingen;-213;0;NA;psmsl;NA;Vlissingen
1916;20;Vlissingen;-168;0;NA;psmsl;NA;Vlissingen
1917;20;Vlissingen;-182;0;NA;psmsl;NA;Vlissingen
1918;20;Vlissingen;-221;0;NA;psmsl;NA;Vlissingen
1919;20;Vlissingen;-248;0;NA;psmsl;NA;Vlissingen
1920;20;Vlissingen;-271;0;NA;psmsl;NA;Vlissingen
1921;20;Vlissingen;-203;0;NA;psmsl;NA;Vlissingen
1922;20;Vlissingen;-192;0;NA;psmsl;NA;Vlissingen
1923;20;Vlissingen;-171;0;NA;psmsl;NA;Vlissingen
1924;20;Vlissingen;-189;0;NA;psmsl;NA;Vlissingen
1925;20;Vlissingen;-152;0;NA;psmsl;NA;Vlissingen
1926;20;Vlissingen;-167;0;NA;psmsl;NA;Vlissingen
1927;20;Vlissingen;-155;0;NA;psmsl;NA;Vlissingen
1928;20;Vlissingen;-152;0;NA;psmsl;NA;Vlissingen
1929;20;Vlissingen;-203;0;NA;psmsl;NA;Vlissingen
1930;20;Vlissingen;-133;0;NA;psmsl;NA;Vlissingen
1931;20;Vlissingen;-133;0;NA;psmsl;NA;Vlissingen
1932;20;Vlissingen;-152;0;NA;psmsl;NA;Vlissingen
1933;20;Vlissingen;-166;0;NA;psmsl;NA;Vlissingen
1934;20;Vlissingen;-162;0;NA;psmsl;NA;Vlissingen
1935;20;Vlissingen;-134;0;NA;psmsl;NA;Vlissingen
1936;20;Vlissingen;-111;0;NA;psmsl;NA;Vlissingen
1937;20;Vlissingen;-111;0;NA;psmsl;NA;Vlissingen
1938;20;Vlissingen;-136;0;NA;psmsl;NA;Vlissingen
1939;20;Vlissingen;-134;0;NA;psmsl;NA;Vlissingen
1940;20;Vlissingen;-135;0;NA;psmsl;NA;Vlissingen
1941;20;Vlissingen;-161;0;NA;psmsl;NA;Vlissingen
1942;20;Vlissingen;-149;0;NA;psmsl;NA;Vlissingen
1943;20;Vlissingen;-116;0;NA;psmsl;NA;Vlissingen
1944;20;Vlissingen;-128;0;NA;psmsl;NA;Vlissingen
1945;20;Vlissingen;-110;0;NA;psmsl;NA;Vlissingen
1946;20;Vlissingen;-104;0;NA;psmsl;NA;Vlissingen
1947;20;Vlissingen;-136;0;NA;psmsl;NA;Vlissingen
1948;20;Vlissingen;-119;0;NA;psmsl;NA;Vlissingen
1949;20;Vlissingen;-106;0;NA;psmsl;NA;Vlissingen
1950;20;Vlissingen;-84;-3.7916744860587883;0.0436529073736643;psmsl;NA;Vlissingen
1951;20;Vlissingen;-82;-14.960057792895192;0.0324845240668279;psmsl;NA;Vlissingen
1952;20;Vlissingen;-54;-2.522376037913588;0.0449222058218095;psmsl;NA;Vlissingen
1953;20;Vlissingen;-104;-47.19684626444034;2.4773559528275e-4;psmsl;NA;Vlissingen
1954;20;Vlissingen;-85;-1.5906317946472868;0.0458539500650758;psmsl;NA;Vlissingen
1955;20;Vlissingen;-86;-4.760287187856683;0.0426842946718664;psmsl;NA;Vlissingen
1956;20;Vlissingen;-148;-27.20948416999599;0.0202350976897271;psmsl;NA;Vlissingen
1957;20;Vlissingen;-112;-18.224125913551987;0.0292204559461711;psmsl;NA;Vlissingen
1958;20;Vlissingen;-85;-5.962748890848189;0.0414818329688749;psmsl;NA;Vlissingen
1959;20;Vlissingen;-98;-50.00669680055174;-0.00256211494082865;psmsl;NA;Vlissingen
1960;20;Vlissingen;-83;-11.577558294247389;0.0358670235654757;psmsl;NA;Vlissingen
1961;20;Vlissingen;-41;1.2088498388548174;0.0486534316985779;psmsl;NA;Vlissingen
1962;20;Vlissingen;-70;-14.700710155264687;0.0327438717044584;psmsl;NA;Vlissingen
1963;20;Vlissingen;-143;-38.50858095093434;0.00893600090878875;psmsl;NA;Vlissingen
1964;20;Vlissingen;-115;-44.62174220219641;0.00282283965752668;psmsl;NA;Vlissingen
1965;20;Vlissingen;-75;9.732215779549314;0.0571767976392724;psmsl;NA;Vlissingen
1966;20;Vlissingen;-42;5.245044335732217;0.0526896261954553;psmsl;NA;Vlissingen
1967;20;Vlissingen;-47;10.981623101937714;0.0584262049616608;psmsl;NA;Vlissingen
1968;20;Vlissingen;-78;-16.802054456046687;0.0306425274036764;psmsl;NA;Vlissingen
1969;20;Vlissingen;-73;-23.675844284352088;0.023768737575371;psmsl;NA;Vlissingen
1970;20;Vlissingen;-58;0.7430396357784161;0.0481876214955015;psmsl;NA;Vlissingen
1971;20;Vlissingen;-115;-33.41927565051569;0.0140253062092074;psmsl;NA;Vlissingen
1972;20;Vlissingen;-131;-50.21971672962006;-0.00277513486989697;psmsl;NA;Vlissingen
1973;20;Vlissingen;-79;-6.0842594379747865;0.0413603224217483;psmsl;NA;Vlissingen
1974;20;Vlissingen;-62;17.70885551535521;0.0651534373750783;psmsl;NA;Vlissingen
1975;20;Vlissingen;-99;-32.933896374866684;0.0145106854848564;psmsl;NA;Vlissingen
1976;20;Vlissingen;-115;-40.59020156131308;0.00685438029841001;psmsl;NA;Vlissingen
1977;20;Vlissingen;-78;1.497304288768916;0.048941886148492;psmsl;NA;Vlissingen
1978;20;Vlissingen;-95;-12.005265191596386;0.0354393166681267;psmsl;NA;Vlissingen
1979;20;Vlissingen;-69;-16.820900888490186;0.0306236809712329;psmsl;NA;Vlissingen
1980;20;Vlissingen;-53;-21.50384007557009;0.025940741784153;psmsl;NA;Vlissingen
1981;20;Vlissingen;-18;4.9841481101399125;0.052428729969863;psmsl;NA;Vlissingen
1982;20;Vlissingen;-49;-27.087088651503887;0.0203574932082192;psmsl;NA;Vlissingen
1983;20;Vlissingen;-22;4.190608762194714;0.0516351906219178;psmsl;NA;Vlissingen
1984;20;Vlissingen;-61;-25.660083713329687;0.0217844981463934;psmsl;NA;Vlissingen
1985;20;Vlissingen;-54;-25.842301336709387;0.0216022805230137;psmsl;NA;Vlissingen
1986;20;Vlissingen;-71;-21.455332315887485;0.0259892495438356;psmsl;NA;Vlissingen
1987;20;Vlissingen;-72;-40.3724129336957;0.00707216892602739;psmsl;NA;Vlissingen
1988;20;Vlissingen;-10;3.4503874580365164;0.0508949693177596;psmsl;NA;Vlissingen
1989;20;Vlissingen;-43;-16.93492675561349;0.0305096551041096;psmsl;NA;Vlissingen
1990;20;Vlissingen;-27;14.616441540002917;0.062061023399726;psmsl;NA;Vlissingen
1991;20;Vlissingen;-102;-40.57710496328474;0.00686747689643835;psmsl;NA;Vlissingen
1992;20;Vlissingen;-63;-20.415466142509985;0.0270291157172131;psmsl;NA;Vlissingen
1993;20;Vlissingen;-57;-24.941545519284688;0.0225030363404384;psmsl;NA;Vlissingen
1994;20;Vlissingen;-26;-0.06100691451758422;0.0473835749452055;psmsl;NA;Vlissingen
1995;20;Vlissingen;-16;-11.46912320766829;0.0359754586520548;psmsl;NA;Vlissingen
1996;20;Vlissingen;-101;-67.15430514868478;-0.0197097232889617;psmsl;NA;Vlissingen
1997;20;Vlissingen;-67;-48.645205017805274;-0.00120062315808219;psmsl;NA;Vlissingen
1998;20;Vlissingen;1;9.838235633427615;0.0572828174931507;psmsl;NA;Vlissingen
1999;20;Vlissingen;-4;5.459425405208414;0.0529040072649315;psmsl;NA;Vlissingen
2000;20;Vlissingen;-10;-4.581252821471686;0.0428633290382514;psmsl;NA;Vlissingen
2001;20;Vlissingen;9;-5.328369896983389;0.0421162119627397;psmsl;NA;Vlissingen
2002;20;Vlissingen;-8;-31.317877936435387;0.0161267039232877;psmsl;NA;Vlissingen
2003;20;Vlissingen;-18;-44.92343558712036;0.00252114627260273;psmsl;NA;Vlissingen
2004;20;Vlissingen;14;-10.316100706717585;0.0371284811530055;psmsl;NA;Vlissingen
2005;20;Vlissingen;27;-19.897358699284787;0.0275472231604383;psmsl;NA;Vlissingen
2006;20;Vlissingen;1;-20.473042237805284;0.0269715396219178;psmsl;NA;Vlissingen
2007;20;Vlissingen;46;4.958650735893308;0.0524032325956164;psmsl;NA;Vlissingen
2008;20;Vlissingen;19;-6.633181029121985;0.0408114008306011;psmsl;NA;Vlissingen
2009;20;Vlissingen;1;-22.102562421914886;0.0253420194378082;psmsl;NA;Vlissingen
2010;20;Vlissingen;3;-23.906517192051886;0.0235380646676712;psmsl;NA;Vlissingen
2011;20;Vlissingen;7;-17.159553843284787;0.0302850280164383;psmsl;NA;Vlissingen
2012;20;Vlissingen;0;-20.286838934859688;0.0271577429248634;psmsl;NA;Vlissingen
2013;20;Vlissingen;-14;-35.68943956657239;0.0117551422931507;psmsl;NA;Vlissingen
2014;20;Vlissingen;24;-20.606113770134087;0.026838468089589;psmsl;NA;Vlissingen
2015;20;Vlissingen;27;-14.550600073421684;0.0328939817863014;psmsl;NA;Vlissingen
2016;20;Vlissingen;30;-35.46827725863019;0.0119763046010929;psmsl;NA;Vlissingen
2017;20;Vlissingen;46;-5.983623654243587;0.0414609582054795;psmsl;NA;Vlissingen
2018;20;Vlissingen;1;-48.22810512547651;-7.8352326575342e-4;psmsl;NA;Vlissingen
2019;20;Vlissingen;51;-13.039592102462784;0.0344049897572603;psmsl;NA;Vlissingen
2020;20;Vlissingen;58;-18.01179482966849;0.0294327870300546;psmsl;NA;Vlissingen
2021;20;Vlissingen;46;-30.333699339175187;0.0171108825205479;psmsl;NA;Vlissingen
2022;20;Vlissingen;60;-29.928538758757785;0.0175160431009653;psmsl;NA;Vlissingen
2023;20;Vlissingen;116;4.145462793855913;0.051590044653579;psmsl;NA;Vlissingen
2024;20;Vlissingen;129;0.10891191772971354;0.0475534937774528;psmsl;NA;Vlissingen
1864;22;Hoek van Holland;-331;0;NA;psmsl;NA;Hoek van Holland
1865;22;Hoek van Holland;-320;0;NA;psmsl;NA;Hoek van Holland
1866;22;Hoek van Holland;-268;0;NA;psmsl;NA;Hoek van Holland
1867;22;Hoek van Holland;-275;0;NA;psmsl;NA;Hoek van Holland
1868;22;Hoek van Holland;-266;0;NA;psmsl;NA;Hoek van Holland
1869;22;Hoek van Holland;-229;0;NA;psmsl;NA;Hoek van Holland
1870;22;Hoek van Holland;-280;0;NA;psmsl;NA;Hoek van Holland
1871;22;Hoek van Holland;-253;0;NA;psmsl;NA;Hoek van Holland
1872;22;Hoek van Holland;-199;0;NA;psmsl;NA;Hoek van Holland
1873;22;Hoek van Holland;-220;0;NA;psmsl;NA;Hoek van Holland
1874;22;Hoek van Holland;-250;0;NA;psmsl;NA;Hoek van Holland
1875;22;Hoek van Holland;-280;0;NA;psmsl;NA;Hoek van Holland
1876;22;Hoek van Holland;-250;0;NA;psmsl;NA;Hoek van Holland
1877;22;Hoek van Holland;-183;0;NA;psmsl;NA;Hoek van Holland
1878;22;Hoek van Holland;-199;0;NA;psmsl;NA;Hoek van Holland
1879;22;Hoek van Holland;-227;0;NA;psmsl;NA;Hoek van Holland
1880;22;Hoek van Holland;-177;0;NA;psmsl;NA;Hoek van Holland
1881;22;Hoek van Holland;-229;0;NA;psmsl;NA;Hoek van Holland
1882;22;Hoek van Holland;-196;0;NA;psmsl;NA;Hoek van Holland
1883;22;Hoek van Holland;-200;0;NA;psmsl;NA;Hoek van Holland
1884;22;Hoek van Holland;-198;0;NA;psmsl;NA;Hoek van Holland
1885;22;Hoek van Holland;-175;0;NA;psmsl;NA;Hoek van Holland
1886;22;Hoek van Holland;-188;0;NA;psmsl;NA;Hoek van Holland
1887;22;Hoek van Holland;-214;0;NA;psmsl;NA;Hoek van Holland
1888;22;Hoek van Holland;-250;0;NA;psmsl;NA;Hoek van Holland
1889;22;Hoek van Holland;-216;0;NA;psmsl;NA;Hoek van Holland
1890;22;Hoek van Holland;-218;0;NA;psmsl;NA;Hoek van Holland
1891;22;Hoek van Holland;-213;0;NA;psmsl;NA;Hoek van Holland
1892;22;Hoek van Holland;-182;0;NA;psmsl;NA;Hoek van Holland
1893;22;Hoek van Holland;-190;0;NA;psmsl;NA;Hoek van Holland
1894;22;Hoek van Holland;-201;0;NA;psmsl;NA;Hoek van Holland
1895;22;Hoek van Holland;-200;0;NA;psmsl;NA;Hoek van Holland
1896;22;Hoek van Holland;-234;0;NA;psmsl;NA;Hoek van Holland
1897;22;Hoek van Holland;-226;0;NA;psmsl;NA;Hoek van Holland
1898;22;Hoek van Holland;-185;0;NA;psmsl;NA;Hoek van Holland
1899;22;Hoek van Holland;-157;0;NA;psmsl;NA;Hoek van Holland
1900;22;Hoek van Holland;-190;0;NA;psmsl;NA;Hoek van Holland
1901;22;Hoek van Holland;-195;0;NA;psmsl;NA;Hoek van Holland
1902;22;Hoek van Holland;-196;0;NA;psmsl;NA;Hoek van Holland
1903;22;Hoek van Holland;-106;0;NA;psmsl;NA;Hoek van Holland
1904;22;Hoek van Holland;-149;0;NA;psmsl;NA;Hoek van Holland
1905;22;Hoek van Holland;-166;0;NA;psmsl;NA;Hoek van Holland
1906;22;Hoek van Holland;-145;0;NA;psmsl;NA;Hoek van Holland
1907;22;Hoek van Holland;-171;0;NA;psmsl;NA;Hoek van Holland
1908;22;Hoek van Holland;-174;0;NA;psmsl;NA;Hoek van Holland
1909;22;Hoek van Holland;-118;0;NA;psmsl;NA;Hoek van Holland
1910;22;Hoek van Holland;-123;0;NA;psmsl;NA;Hoek van Holland
1911;22;Hoek van Holland;-145;0;NA;psmsl;NA;Hoek van Holland
1912;22;Hoek van Holland;-84;0;NA;psmsl;NA;Hoek van Holland
1913;22;Hoek van Holland;-105;0;NA;psmsl;NA;Hoek van Holland
1914;22;Hoek van Holland;-87;0;NA;psmsl;NA;Hoek van Holland
1915;22;Hoek van Holland;-116;0;NA;psmsl;NA;Hoek van Holland
1916;22;Hoek van Holland;-74;0;NA;psmsl;NA;Hoek van Holland
1917;22;Hoek van Holland;-163;0;NA;psmsl;NA;Hoek van Holland
1918;22;Hoek van Holland;-152;0;NA;psmsl;NA;Hoek van Holland
1919;22;Hoek van Holland;-155;0;NA;psmsl;NA;Hoek van Holland
1920;22;Hoek van Holland;-127;0;NA;psmsl;NA;Hoek van Holland
1921;22;Hoek van Holland;-131;0;NA;psmsl;NA;Hoek van Holland
1922;22;Hoek van Holland;-95;0;NA;psmsl;NA;Hoek van Holland
1923;22;Hoek van Holland;-95;0;NA;psmsl;NA;Hoek van Holland
1924;22;Hoek van Holland;-132;0;NA;psmsl;NA;Hoek van Holland
1925;22;Hoek van Holland;-67;0;NA;psmsl;NA;Hoek van Holland
1926;22;Hoek van Holland;-95;0;NA;psmsl;NA;Hoek van Holland
1927;22;Hoek van Holland;-93;0;NA;psmsl;NA;Hoek van Holland
1928;22;Hoek van Holland;-85;0;NA;psmsl;NA;Hoek van Holland
1929;22;Hoek van Holland;-140;0;NA;psmsl;NA;Hoek van Holland
1930;22;Hoek van Holland;-67;0;NA;psmsl;NA;Hoek van Holland
1931;22;Hoek van Holland;-73;0;NA;psmsl;NA;Hoek van Holland
1932;22;Hoek van Holland;-90;0;NA;psmsl;NA;Hoek van Holland
1933;22;Hoek van Holland;-146;0;NA;psmsl;NA;Hoek van Holland
1934;22;Hoek van Holland;-138;0;NA;psmsl;NA;Hoek van Holland
1935;22;Hoek van Holland;-78;0;NA;psmsl;NA;Hoek van Holland
1936;22;Hoek van Holland;-49;0;NA;psmsl;NA;Hoek van Holland
1937;22;Hoek van Holland;-55;0;NA;psmsl;NA;Hoek van Holland
1938;22;Hoek van Holland;-81;0;NA;psmsl;NA;Hoek van Holland
1939;22;Hoek van Holland;-73;0;NA;psmsl;NA;Hoek van Holland
1940;22;Hoek van Holland;-69;0;NA;psmsl;NA;Hoek van Holland
1941;22;Hoek van Holland;-105;0;NA;psmsl;NA;Hoek van Holland
1942;22;Hoek van Holland;-105;0;NA;psmsl;NA;Hoek van Holland
1943;22;Hoek van Holland;-59;0;NA;psmsl;NA;Hoek van Holland
1944;22;Hoek van Holland;-44;0;NA;psmsl;NA;Hoek van Holland
1945;22;Hoek van Holland;-57;0;NA;psmsl;NA;Hoek van Holland
1946;22;Hoek van Holland;-52;0;NA;psmsl;NA;Hoek van Holland
1947;22;Hoek van Holland;-101;0;NA;psmsl;NA;Hoek van Holland
1948;22;Hoek van Holland;-42;0;NA;psmsl;NA;Hoek van Holland
1949;22;Hoek van Holland;-54;0;NA;psmsl;NA;Hoek van Holland
1950;22;Hoek van Holland;-45;6.202547622241411;0.0536471294819645;psmsl;NA;Hoek van Holland
1951;22;Hoek van Holland;-56;-7.488831359016288;0.0399557505007068;psmsl;NA;Hoek van Holland
1952;22;Hoek van Holland;-45;2.666570357974912;0.050111152217698;psmsl;NA;Hoek van Holland
1953;22;Hoek van Holland;-74;-40.461566565115305;0.00698301529460778;psmsl;NA;Hoek van Holland
1954;22;Hoek van Holland;-25;9.11220843299921;0.0565567902927223;psmsl;NA;Hoek van Holland
1955;22;Hoek van Holland;-21;-0.18113952070468997;0.0472634423390184;psmsl;NA;Hoek van Holland
1956;22;Hoek van Holland;-83;-22.774551395416786;0.0246700304643063;psmsl;NA;Hoek van Holland
1957;22;Hoek van Holland;-38;-11.126687078434088;0.036317894781289;psmsl;NA;Hoek van Holland
1958;22;Hoek van Holland;-38;-1.6428724102685877;0.0458017094494545;psmsl;NA;Hoek van Holland
1959;22;Hoek van Holland;-131;-47.73410109424524;-2.8951923452215e-4;psmsl;NA;Hoek van Holland
1960;22;Hoek van Holland;-80;-7.801206760401982;0.0396433750993211;psmsl;NA;Hoek van Holland
1961;22;Hoek van Holland;4;10.228279169913314;0.0576728610296364;psmsl;NA;Hoek van Holland
1962;22;Hoek van Holland;-55;-5.66567864643369;0.0417789032132894;psmsl;NA;Hoek van Holland
1963;22;Hoek van Holland;-120;-34.89181549943159;0.0125527663602915;psmsl;NA;Hoek van Holland
1964;22;Hoek van Holland;-107;-40.146071325349794;0.00729851053437329;psmsl;NA;Hoek van Holland
1965;22;Hoek van Holland;-3;17.39834578882241;0.0648429276485455;psmsl;NA;Hoek van Holland
1966;22;Hoek van Holland;27;11.87726203424581;0.0593218438939689;psmsl;NA;Hoek van Holland
1967;22;Hoek van Holland;31;26.711658320207505;0.0741562401799306;psmsl;NA;Hoek van Holland
1968;22;Hoek van Holland;-21;-13.499825227388186;0.0339447566323349;psmsl;NA;Hoek van Holland
1969;22;Hoek van Holland;-37;-22.93263456571489;0.0245119472940082;psmsl;NA;Hoek van Holland
1970;22;Hoek van Holland;-18;7.179548343321116;0.0546241302030442;psmsl;NA;Hoek van Holland
1971;22;Hoek van Holland;-53;-29.196661549266587;0.0182479203104565;psmsl;NA;Hoek van Holland
1972;22;Hoek van Holland;-80;-48.652022544125;-0.00120744068440192;psmsl;NA;Hoek van Holland
1973;22;Hoek van Holland;4;3.5854175566494106;0.0510299994163725;psmsl;NA;Hoek van Holland
1974;22;Hoek van Holland;8;26.10823119973591;0.073552813059459;psmsl;NA;Hoek van Holland
1975;22;Hoek van Holland;-18;-27.485539980325587;0.0199590418793975;psmsl;NA;Hoek van Holland
1976;22;Hoek van Holland;-44;-38.17651352021028;0.00926806833951281;psmsl;NA;Hoek van Holland
1977;22;Hoek van Holland;-3;9.273575532833412;0.0567181573925565;psmsl;NA;Hoek van Holland
1978;22;Hoek van Holland;-13;-6.5713671628446875;0.0408732146968784;psmsl;NA;Hoek van Holland
1979;22;Hoek van Holland;14;-10.977259108216188;0.0364673227515069;psmsl;NA;Hoek van Holland
1980;22;Hoek van Holland;24;-16.541423443329688;0.0309031584163934;psmsl;NA;Hoek van Holland
1981;22;Hoek van Holland;72;12.977485010139908;0.060422066869863;psmsl;NA;Hoek van Holland
1982;22;Hoek van Holland;53;-16.795188037805286;0.0306493938219178;psmsl;NA;Hoek van Holland
1983;22;Hoek van Holland;72;16.330485299181014;0.0637750671589041;psmsl;NA;Hoek van Holland
1984;22;Hoek van Holland;25;-20.848823065733985;0.0265957587939891;psmsl;NA;Hoek van Holland
1985;22;Hoek van Holland;20;-19.509293883284787;0.0279352879764383;psmsl;NA;Hoek van Holland
1986;22;Hoek van Holland;28;-13.51067766794229;0.0339339041917808;psmsl;NA;Hoek van Holland
1987;22;Hoek van Holland;28;-36.84963128109299;0.0105949505786301;psmsl;NA;Hoek van Holland
1988;22;Hoek van Holland;87;13.42998314404742;0.0608745650037705;psmsl;NA;Hoek van Holland
1989;22;Hoek van Holland;53;-8.043789725476493;0.0394007921342466;psmsl;NA;Hoek van Holland
1990;22;Hoek van Holland;73;29.87755336082482;0.0773221352205479;psmsl;NA;Hoek van Holland
1991;22;Hoek van Holland;-14;-34.39262386520259;0.0130519579945205;psmsl;NA;Hoek van Holland
1992;22;Hoek van Holland;25;-10.950469359723087;0.0364941125;psmsl;NA;Hoek van Holland
1993;22;Hoek van Holland;31;-19.784382939175188;0.0276601989205479;psmsl;NA;Hoek van Holland
1994;22;Hoek van Holland;64;10.083099863564613;0.0575276817232877;psmsl;NA;Hoek van Holland
1995;22;Hoek van Holland;74;-5.429670183832684;0.0420149116758904;psmsl;NA;Hoek van Holland
1996;22;Hoek van Holland;-22;-71.25183066819298;-0.0238072488084699;psmsl;NA;Hoek van Holland
1997;22;Hoek van Holland;24;-43.47267018575049;0.0039719116739726;psmsl;NA;Hoek van Holland
1998;22;Hoek van Holland;90;22.294735544386512;0.0697393174041096;psmsl;NA;Hoek van Holland
1999;22;Hoek van Holland;91;16.721321602468706;0.0641659034621918;psmsl;NA;Hoek van Holland
2000;22;Hoek van Holland;83;6.997000449020113;0.0544415823087432;psmsl;NA;Hoek van Holland
2001;22;Hoek van Holland;101;1.2654486210988125;0.0487100304808219;psmsl;NA;Hoek van Holland
2002;22;Hoek van Holland;86;-26.780864731777886;0.0206637171279452;psmsl;NA;Hoek van Holland
2003;22;Hoek van Holland;64;-40.76042832136693;0.00668415353835616;psmsl;NA;Hoek van Holland
2004;22;Hoek van Holland;87;-0.2279203198323856;0.0472166615398907;psmsl;NA;Hoek van Holland
2005;22;Hoek van Holland;75;-13.397742644654585;0.0340468392150685;psmsl;NA;Hoek van Holland
2006;22;Hoek van Holland;72;-11.82429945698339;0.0356202824027397;psmsl;NA;Hoek van Holland
2007;22;Hoek van Holland;121;13.315327211509818;0.0607599090712329;psmsl;NA;Hoek van Holland
2008;22;Hoek van Holland;92;4.349260290550113;0.0517938421502732;psmsl;NA;Hoek van Holland
2009;22;Hoek van Holland;71;-16.20545910465459;0.0312391227550685;psmsl;NA;Hoek van Holland
2010;22;Hoek van Holland;80;-24.357066602188887;0.0230875152575342;psmsl;NA;Hoek van Holland
2011;22;Hoek van Holland;86;-6.41406316657239;0.0410305186931507;psmsl;NA;Hoek van Holland
2012;22;Hoek van Holland;86;-12.322629660269584;0.0351219521994535;psmsl;NA;Hoek van Holland
2013;22;Hoek van Holland;70;-32.762497529038185;0.0146820843306849;psmsl;NA;Hoek van Holland
2014;22;Hoek van Holland;101;-13.033565336435387;0.0344110165232877;psmsl;NA;Hoek van Holland
2015;22;Hoek van Holland;109;-1.1217308515038837;0.0463228510082192;psmsl;NA;Hoek van Holland
2016;22;Hoek van Holland;111;-29.957866384313284;0.0174867154754098;psmsl;NA;Hoek van Holland
2017;22;Hoek van Holland;133;4.859342877811116;0.0523039247375342;psmsl;NA;Hoek van Holland
2018;22;Hoek van Holland;75;-45.823725454243636;0.00162085640547945;psmsl;NA;Hoek van Holland
2019;22;Hoek van Holland;138;-4.135694732873787;0.0433088871268493;psmsl;NA;Hoek van Holland
2020;22;Hoek van Holland;136;-7.0794310482476845;0.0403651508114754;psmsl;NA;Hoek van Holland
2021;22;Hoek van Holland;128;-23.902465977531286;0.0235421158821918;psmsl;NA;Hoek van Holland
2022;22;Hoek van Holland;135;-21.733510575796586;0.0257110712839265;psmsl;NA;Hoek van Holland
2023;22;Hoek van Holland;195;13.879665747141011;0.0613242476068641;psmsl;NA;Hoek van Holland
2024;22;Hoek van Holland;207;8.744881850780914;0.056189463710504;psmsl;NA;Hoek van Holland
1865;23;Den Helder;-280;0;NA;psmsl;NA;Den Helder
1866;23;Den Helder;-146;0;NA;psmsl;NA;Den Helder
1867;23;Den Helder;-201;0;NA;psmsl;NA;Den Helder
1868;23;Den Helder;-202;0;NA;psmsl;NA;Den Helder
1869;23;Den Helder;-198;0;NA;psmsl;NA;Den Helder
1870;23;Den Helder;-255;0;NA;psmsl;NA;Den Helder
1871;23;Den Helder;-262;0;NA;psmsl;NA;Den Helder
1872;23;Den Helder;-204;0;NA;psmsl;NA;Den Helder
1873;23;Den Helder;-194;0;NA;psmsl;NA;Den Helder
1874;23;Den Helder;-210;0;NA;psmsl;NA;Den Helder
1875;23;Den Helder;-256;0;NA;psmsl;NA;Den Helder
1876;23;Den Helder;-192;0;NA;psmsl;NA;Den Helder
1877;23;Den Helder;-108;0;NA;psmsl;NA;Den Helder
1878;23;Den Helder;-131;0;NA;psmsl;NA;Den Helder
1879;23;Den Helder;-190;0;NA;psmsl;NA;Den Helder
1880;23;Den Helder;-159;0;NA;psmsl;NA;Den Helder
1881;23;Den Helder;-208;0;NA;psmsl;NA;Den Helder
1882;23;Den Helder;-178;0;NA;psmsl;NA;Den Helder
1883;23;Den Helder;-188;0;NA;psmsl;NA;Den Helder
1884;23;Den Helder;-174;0;NA;psmsl;NA;Den Helder
1885;23;Den Helder;-194;0;NA;psmsl;NA;Den Helder
1886;23;Den Helder;-183;0;NA;psmsl;NA;Den Helder
1887;23;Den Helder;-226;0;NA;psmsl;NA;Den Helder
1888;23;Den Helder;-221;0;NA;psmsl;NA;Den Helder
1889;23;Den Helder;-181;0;NA;psmsl;NA;Den Helder
1890;23;Den Helder;-191;0;NA;psmsl;NA;Den Helder
1891;23;Den Helder;-157;0;NA;psmsl;NA;Den Helder
1892;23;Den Helder;-156;0;NA;psmsl;NA;Den Helder
1893;23;Den Helder;-136;0;NA;psmsl;NA;Den Helder
1894;23;Den Helder;-138;0;NA;psmsl;NA;Den Helder
1895;23;Den Helder;-162;0;NA;psmsl;NA;Den Helder
1896;23;Den Helder;-183;0;NA;psmsl;NA;Den Helder
1897;23;Den Helder;-173;0;NA;psmsl;NA;Den Helder
1898;23;Den Helder;-131;0;NA;psmsl;NA;Den Helder
1899;23;Den Helder;-132;0;NA;psmsl;NA;Den Helder
1900;23;Den Helder;-175;0;NA;psmsl;NA;Den Helder
1901;23;Den Helder;-223;0;NA;psmsl;NA;Den Helder
1902;23;Den Helder;-260;0;NA;psmsl;NA;Den Helder
1903;23;Den Helder;-165;0;NA;psmsl;NA;Den Helder
1904;23;Den Helder;-133;0;NA;psmsl;NA;Den Helder
1905;23;Den Helder;-171;0;NA;psmsl;NA;Den Helder
1906;23;Den Helder;-129;0;NA;psmsl;NA;Den Helder
1907;23;Den Helder;-157;0;NA;psmsl;NA;Den Helder
1908;23;Den Helder;-176;0;NA;psmsl;NA;Den Helder
1909;23;Den Helder;-129;0;NA;psmsl;NA;Den Helder
1910;23;Den Helder;-112;0;NA;psmsl;NA;Den Helder
1911;23;Den Helder;-142;0;NA;psmsl;NA;Den Helder
1912;23;Den Helder;-90;0;NA;psmsl;NA;Den Helder
1913;23;Den Helder;-132;0;NA;psmsl;NA;Den Helder
1914;23;Den Helder;-96;0;NA;psmsl;NA;Den Helder
1915;23;Den Helder;-127;0;NA;psmsl;NA;Den Helder
1916;23;Den Helder;-98;0;NA;psmsl;NA;Den Helder
1917;23;Den Helder;-152;0;NA;psmsl;NA;Den Helder
1918;23;Den Helder;-135;0;NA;psmsl;NA;Den Helder
1919;23;Den Helder;-137;0;NA;psmsl;NA;Den Helder
1920;23;Den Helder;-147;0;NA;psmsl;NA;Den Helder
1921;23;Den Helder;-135;0;NA;psmsl;NA;Den Helder
1922;23;Den Helder;-148;0;NA;psmsl;NA;Den Helder
1923;23;Den Helder;-125;0;NA;psmsl;NA;Den Helder
1924;23;Den Helder;-144;0;NA;psmsl;NA;Den Helder
1925;23;Den Helder;-102;0;NA;psmsl;NA;Den Helder
1926;23;Den Helder;-133;0;NA;psmsl;NA;Den Helder
1927;23;Den Helder;-133;0;NA;psmsl;NA;Den Helder
1928;23;Den Helder;-118;0;NA;psmsl;NA;Den Helder
1929;23;Den Helder;-152;0;NA;psmsl;NA;Den Helder
1930;23;Den Helder;-101;0;NA;psmsl;NA;Den Helder
1931;23;Den Helder;-96;0;NA;psmsl;NA;Den Helder
1932;23;Den Helder;-109;0;NA;psmsl;NA;Den Helder
1933;23;Den Helder;-166;0;NA;psmsl;NA;Den Helder
1934;23;Den Helder;-160;0;NA;psmsl;NA;Den Helder
1935;23;Den Helder;-105;0;NA;psmsl;NA;Den Helder
1936;23;Den Helder;-93;0;NA;psmsl;NA;Den Helder
1937;23;Den Helder;-108;0;NA;psmsl;NA;Den Helder
1938;23;Den Helder;-23;0;NA;psmsl;NA;Den Helder
1939;23;Den Helder;-137;0;NA;psmsl;NA;Den Helder
1940;23;Den Helder;-118;0;NA;psmsl;NA;Den Helder
1941;23;Den Helder;-157;0;NA;psmsl;NA;Den Helder
1942;23;Den Helder;-143;0;NA;psmsl;NA;Den Helder
1943;23;Den Helder;-92;0;NA;psmsl;NA;Den Helder
1944;23;Den Helder;-88;0;NA;psmsl;NA;Den Helder
1945;23;Den Helder;-82;0;NA;psmsl;NA;Den Helder
1946;23;Den Helder;-97;0;NA;psmsl;NA;Den Helder
1947;23;Den Helder;-183;0;NA;psmsl;NA;Den Helder
1948;23;Den Helder;-100;0;NA;psmsl;NA;Den Helder
1949;23;Den Helder;-63;0;NA;psmsl;NA;Den Helder
1950;23;Den Helder;-70;22.90391421706822;0.0703484960767913;psmsl;NA;Den Helder
1951;23;Den Helder;-94;6.579737951554513;0.0540243198112776;psmsl;NA;Den Helder
1952;23;Den Helder;-78;10.699809699168313;0.0581443915588914;psmsl;NA;Den Helder
1953;23;Den Helder;-107;-28.468070308949287;0.0189765115507738;psmsl;NA;Den Helder
1954;23;Den Helder;-65;25.853260497533512;0.0732978423572566;psmsl;NA;Den Helder
1955;23;Den Helder;-58;4.591350230053116;0.0520359320897762;psmsl;NA;Den Helder
1956;23;Den Helder;-136;-16.389548739299688;0.0310550331204234;psmsl;NA;Den Helder
1957;23;Den Helder;-115;-0.2825912865526874;0.0471619905731704;psmsl;NA;Den Helder
1958;23;Den Helder;-78;3.199780924484614;0.0506443627842077;psmsl;NA;Den Helder
1959;23;Den Helder;-117;-43.43891844259647;0.00400566341712662;psmsl;NA;Den Helder
1960;23;Den Helder;-85;-5.8021529247672845;0.0416424289349558;psmsl;NA;Den Helder
1961;23;Den Helder;-33;24.144262185865315;0.0715888440455884;psmsl;NA;Den Helder
1962;23;Den Helder;-86;7.6001663610227155;0.0550447482207458;psmsl;NA;Den Helder
1963;23;Den Helder;-131;-29.38690900097139;0.0180576728587517;psmsl;NA;Den Helder
1964;23;Den Helder;-89;-33.29820538474379;0.0141463764749793;psmsl;NA;Den Helder
1965;23;Den Helder;-29;27.39828871763021;0.0748428705773533;psmsl;NA;Den Helder
1966;23;Den Helder;-3;18.731088355294915;0.066175670215018;psmsl;NA;Den Helder
1967;23;Den Helder;19;50.81155225706941;0.0982561341167925;psmsl;NA;Den Helder
1968;23;Den Helder;-60;-10.324683525333285;0.0371198983343898;psmsl;NA;Den Helder
1969;23;Den Helder;-90;-25.529953249810188;0.0219146286099129;psmsl;NA;Den Helder
1970;23;Den Helder;-65;14.22938466501671;0.0616739665247398;psmsl;NA;Den Helder
1971;23;Den Helder;-120;-23.167151691663488;0.0242774301680596;psmsl;NA;Den Helder
1972;23;Den Helder;-132;-46.00044062173167;0.00144414123799142;psmsl;NA;Den Helder
1973;23;Den Helder;-80;15.80219957539591;0.063246781435119;psmsl;NA;Den Helder
1974;23;Den Helder;-82;37.702178699369114;0.0851467605590922;psmsl;NA;Den Helder
1975;23;Den Helder;-108;-19.412001318607988;0.0280325805411151;psmsl;NA;Den Helder
1976;23;Den Helder;-121;-35.76958734343999;0.0116749945162831;psmsl;NA;Den Helder
1977;23;Den Helder;-42;19.696124784147315;0.0671407066438704;psmsl;NA;Den Helder
1978;23;Den Helder;-63;-0.6867592330572876;0.0467578226266658;psmsl;NA;Den Helder
1979;23;Den Helder;-57;-1.9465153446545855;0.0454980665150685;psmsl;NA;Den Helder
1980;23;Den Helder;-43;-11.066488223111087;0.036378093636612;psmsl;NA;Den Helder
1981;23;Den Helder;-5;23.53866194027691;0.0709832438;psmsl;NA;Den Helder
1982;23;Den Helder;-29;1.0628076964413111;0.0485073895561644;psmsl;NA;Den Helder
1983;23;Den Helder;13;36.150650499181026;0.0835952323589041;psmsl;NA;Den Helder
1984;23;Den Helder;-40;-13.471536235679388;0.0339730456240437;psmsl;NA;Den Helder
1985;23;Den Helder;-38;-7.603479163832688;0.0398411026958904;psmsl;NA;Den Helder
1986;23;Den Helder;-38;0.1142963794550127;0.0475588782391781;psmsl;NA;Den Helder
1987;23;Den Helder;-57;-31.609930141914887;0.0158346517178082;psmsl;NA;Den Helder
1988;23;Den Helder;30;29.421889724976324;0.0768664715846994;psmsl;NA;Den Helder
1989;23;Den Helder;-18;8.324669381372814;0.0557692512410959;psmsl;NA;Den Helder
1990;23;Den Helder;28;57.41737217041391;0.104861954030137;psmsl;NA;Den Helder
1991;23;Den Helder;-77;-21.884328683449088;0.025560253176274;psmsl;NA;Den Helder
1992;23;Den Helder;-29;3.5204055309873112;0.0509649873907104;psmsl;NA;Den Helder
1993;23;Den Helder;-41;-11.833347525476483;0.0356112343342466;psmsl;NA;Den Helder
1994;23;Den Helder;5;25.844731517537213;0.0732893133772603;psmsl;NA;Den Helder
1995;23;Den Helder;0;3.4137155457564106;0.0508582974054795;psmsl;NA;Den Helder
1996;23;Den Helder;-110;-78.10110174852089;-0.0306565198887978;psmsl;NA;Den Helder
1997;23;Den Helder;-62;-33.359786552873786;0.0140847953068493;psmsl;NA;Den Helder
1998;23;Den Helder;18;40.331441847126214;0.0877760237068493;psmsl;NA;Den Helder
1999;23;Den Helder;13;33.76543259781121;0.0812100144575343;psmsl;NA;Den Helder
2000;23;Den Helder;11;26.186992643009106;0.0736315745027322;psmsl;NA;Den Helder
2001;23;Den Helder;10;8.273415205482415;0.0557179970652055;psmsl;NA;Den Helder
2002;23;Den Helder;-2;-18.559840165969685;0.0288847416937534;psmsl;NA;Den Helder
2003;23;Den Helder;-12;-32.755557540818984;0.0146890243189041;psmsl;NA;Den Helder
2004;23;Den Helder;20;15.281136151205907;0.062725718010929;psmsl;NA;Den Helder
2005;23;Den Helder;-7;-4.328500052873785;0.0431160818068493;psmsl;NA;Den Helder
2006;23;Den Helder;-5;2.9768143649344125;0.0504213962246575;psmsl;NA;Den Helder
2007;23;Den Helder;42;26.219301753975515;0.0736638836136986;psmsl;NA;Den Helder
2008;23;Den Helder;17;23.16666555735341;0.0706112474170765;psmsl;NA;Den Helder
2009;23;Den Helder;-17;-6.897133588490192;0.0405474482712329;psmsl;NA;Den Helder
2010;23;Den Helder;-30;-27.99911441972309;0.01944546744;psmsl;NA;Den Helder
2011;23;Den Helder;17;12.80129631055091;0.060245878170274;psmsl;NA;Den Helder
2012;23;Den Helder;2;1.2205359859053146;0.0486651178456284;psmsl;NA;Den Helder
2013;23;Den Helder;-27;-27.383889031229888;0.0200606928284932;psmsl;NA;Den Helder
2014;23;Den Helder;6;0.4944326983591125;0.0479390145580822;psmsl;NA;Den Helder
2015;23;Den Helder;36;24.17731104712621;0.0716218929068493;psmsl;NA;Den Helder
2016;23;Den Helder;17;-20.266212228029087;0.027178369631694;psmsl;NA;Den Helder
2017;23;Den Helder;56;22.220977499729003;0.0696655593594521;psmsl;NA;Den Helder
2018;23;Den Helder;-11;-41.26807045698337;0.00617651140273972;psmsl;NA;Den Helder
2019;23;Den Helder;71;10.745648075619414;0.0581902299353425;psmsl;NA;Den Helder
2020;23;Den Helder;70;12.596127674593816;0.0600407095343169;psmsl;NA;Den Helder
2021;23;Den Helder;42;-14.11688526520259;0.0333276965945205;psmsl;NA;Den Helder
2022;23;Den Helder;67;-6.732712223504286;0.0407118696362188;psmsl;NA;Den Helder
2023;23;Den Helder;123;27.906338210392718;0.0753509200701158;psmsl;NA;Den Helder
2024;23;Den Helder;134;20.9927602040501;0.0684373420637732;psmsl;NA;Den Helder
1865;24;Delfzijl;-170;0;NA;psmsl;NA;Delfzijl
1866;24;Delfzijl;-77;0;NA;psmsl;NA;Delfzijl
1867;24;Delfzijl;-54;0;NA;psmsl;NA;Delfzijl
1868;24;Delfzijl;-88;0;NA;psmsl;NA;Delfzijl
1869;24;Delfzijl;-71;0;NA;psmsl;NA;Delfzijl
1870;24;Delfzijl;-165;0;NA;psmsl;NA;Delfzijl
1871;24;Delfzijl;-153;0;NA;psmsl;NA;Delfzijl
1872;24;Delfzijl;-117;0;NA;psmsl;NA;Delfzijl
1873;24;Delfzijl;-86;0;NA;psmsl;NA;Delfzijl
1874;24;Delfzijl;-74;0;NA;psmsl;NA;Delfzijl
1875;24;Delfzijl;-161;0;NA;psmsl;NA;Delfzijl
1876;24;Delfzijl;-130;0;NA;psmsl;NA;Delfzijl
1877;24;Delfzijl;17;0;NA;psmsl;NA;Delfzijl
1878;24;Delfzijl;-57;0;NA;psmsl;NA;Delfzijl
1879;24;Delfzijl;-142;0;NA;psmsl;NA;Delfzijl
1880;24;Delfzijl;-85;0;NA;psmsl;NA;Delfzijl
1881;24;Delfzijl;-151;0;NA;psmsl;NA;Delfzijl
1882;24;Delfzijl;-122;0;NA;psmsl;NA;Delfzijl
1883;24;Delfzijl;-170;0;NA;psmsl;NA;Delfzijl
1884;24;Delfzijl;-153;0;NA;psmsl;NA;Delfzijl
1885;24;Delfzijl;-147;0;NA;psmsl;NA;Delfzijl
1886;24;Delfzijl;-166;0;NA;psmsl;NA;Delfzijl
1887;24;Delfzijl;-133;0;NA;psmsl;NA;Delfzijl
1888;24;Delfzijl;-165;0;NA;psmsl;NA;Delfzijl
1889;24;Delfzijl;-129;0;NA;psmsl;NA;Delfzijl
1890;24;Delfzijl;-151;0;NA;psmsl;NA;Delfzijl
1891;24;Delfzijl;-127;0;NA;psmsl;NA;Delfzijl
1892;24;Delfzijl;-127;0;NA;psmsl;NA;Delfzijl
1893;24;Delfzijl;-83;0;NA;psmsl;NA;Delfzijl
1894;24;Delfzijl;-116;0;NA;psmsl;NA;Delfzijl
1895;24;Delfzijl;-128;0;NA;psmsl;NA;Delfzijl
1896;24;Delfzijl;-122;0;NA;psmsl;NA;Delfzijl
1897;24;Delfzijl;-122;0;NA;psmsl;NA;Delfzijl
1898;24;Delfzijl;-65;0;NA;psmsl;NA;Delfzijl
1899;24;Delfzijl;-91;0;NA;psmsl;NA;Delfzijl
1900;24;Delfzijl;-112;0;NA;psmsl;NA;Delfzijl
1901;24;Delfzijl;-130;0;NA;psmsl;NA;Delfzijl
1902;24;Delfzijl;-161;0;NA;psmsl;NA;Delfzijl
1903;24;Delfzijl;-36;0;NA;psmsl;NA;Delfzijl
1904;24;Delfzijl;-134;0;NA;psmsl;NA;Delfzijl
1905;24;Delfzijl;-196;0;NA;psmsl;NA;Delfzijl
1906;24;Delfzijl;-115;0;NA;psmsl;NA;Delfzijl
1907;24;Delfzijl;-130;0;NA;psmsl;NA;Delfzijl
1908;24;Delfzijl;-123;0;NA;psmsl;NA;Delfzijl
1909;24;Delfzijl;-76;0;NA;psmsl;NA;Delfzijl
1910;24;Delfzijl;-66;0;NA;psmsl;NA;Delfzijl
1911;24;Delfzijl;-54;0;NA;psmsl;NA;Delfzijl
1912;24;Delfzijl;14;0;NA;psmsl;NA;Delfzijl
1913;24;Delfzijl;-45;0;NA;psmsl;NA;Delfzijl
1914;24;Delfzijl;-40;0;NA;psmsl;NA;Delfzijl
1915;24;Delfzijl;-80;0;NA;psmsl;NA;Delfzijl
1916;24;Delfzijl;-9;0;NA;psmsl;NA;Delfzijl
1917;24;Delfzijl;-73;0;NA;psmsl;NA;Delfzijl
1918;24;Delfzijl;-87;0;NA;psmsl;NA;Delfzijl
1919;24;Delfzijl;-112;0;NA;psmsl;NA;Delfzijl
1920;24;Delfzijl;-85;0;NA;psmsl;NA;Delfzijl
1921;24;Delfzijl;-17;0;NA;psmsl;NA;Delfzijl
1922;24;Delfzijl;-76;0;NA;psmsl;NA;Delfzijl
1923;24;Delfzijl;-52;0;NA;psmsl;NA;Delfzijl
1924;24;Delfzijl;-87;0;NA;psmsl;NA;Delfzijl
1925;24;Delfzijl;-5;0;NA;psmsl;NA;Delfzijl
1926;24;Delfzijl;-17;0;NA;psmsl;NA;Delfzijl
1927;24;Delfzijl;-43;0;NA;psmsl;NA;Delfzijl
1928;24;Delfzijl;-30;0;NA;psmsl;NA;Delfzijl
1929;24;Delfzijl;-69;0;NA;psmsl;NA;Delfzijl
1930;24;Delfzijl;-47;0;NA;psmsl;NA;Delfzijl
1931;24;Delfzijl;-17;0;NA;psmsl;NA;Delfzijl
1932;24;Delfzijl;-34;0;NA;psmsl;NA;Delfzijl
1933;24;Delfzijl;-79;0;NA;psmsl;NA;Delfzijl
1934;24;Delfzijl;-57;0;NA;psmsl;NA;Delfzijl
1935;24;Delfzijl;-14;0;NA;psmsl;NA;Delfzijl
1936;24;Delfzijl;-15;0;NA;psmsl;NA;Delfzijl
1937;24;Delfzijl;-52;0;NA;psmsl;NA;Delfzijl
1938;24;Delfzijl;-5;0;NA;psmsl;NA;Delfzijl
1939;24;Delfzijl;-68;0;NA;psmsl;NA;Delfzijl
1940;24;Delfzijl;-47;0;NA;psmsl;NA;Delfzijl
1941;24;Delfzijl;-99;0;NA;psmsl;NA;Delfzijl
1942;24;Delfzijl;-78;0;NA;psmsl;NA;Delfzijl
1943;24;Delfzijl;-10;0;NA;psmsl;NA;Delfzijl
1944;24;Delfzijl;21;0;NA;psmsl;NA;Delfzijl
1945;24;Delfzijl;22;0;NA;psmsl;NA;Delfzijl
1946;24;Delfzijl;-5;0;NA;psmsl;NA;Delfzijl
1947;24;Delfzijl;-106;0;NA;psmsl;NA;Delfzijl
1948;24;Delfzijl;-10;0;NA;psmsl;NA;Delfzijl
1949;24;Delfzijl;13;0;NA;psmsl;NA;Delfzijl
1950;24;Delfzijl;-21;27.998951157283514;0.0754435330170066;psmsl;NA;Delfzijl
1951;24;Delfzijl;-47;7.746509182646115;0.0551910910423692;psmsl;NA;Delfzijl
1952;24;Delfzijl;2;20.705917064921508;0.0681504989246446;psmsl;NA;Delfzijl
1953;24;Delfzijl;-27;-12.947320673299288;0.0344972611864238;psmsl;NA;Delfzijl
1954;24;Delfzijl;-19;34.44216572177841;0.0818867475815015;psmsl;NA;Delfzijl
1955;24;Delfzijl;4;21.820695293923407;0.0692652771536465;psmsl;NA;Delfzijl
1956;24;Delfzijl;-40;0.4565520494661115;0.0479011339091892;psmsl;NA;Delfzijl
1957;24;Delfzijl;-20;11.949942407143709;0.0593945242668668;psmsl;NA;Delfzijl
1958;24;Delfzijl;-30;6.169359226261015;0.0536139410859841;psmsl;NA;Delfzijl
1959;24;Delfzijl;-63;-34.03240365688469;0.0134121782028384;psmsl;NA;Delfzijl
1960;24;Delfzijl;-15;-14.810650620932286;0.0326339312387908;psmsl;NA;Delfzijl
1961;24;Delfzijl;86;32.82111103604001;0.0802656928957631;psmsl;NA;Delfzijl
1962;24;Delfzijl;16;26.304086540873215;0.0737486684005963;psmsl;NA;Delfzijl
1963;24;Delfzijl;-29;-22.184288955195086;0.025260292904528;psmsl;NA;Delfzijl
1964;24;Delfzijl;-14;-16.98768633257819;0.0304568955271449;psmsl;NA;Delfzijl
1965;24;Delfzijl;0;32.487938298502215;0.0799325201582253;psmsl;NA;Delfzijl
1966;24;Delfzijl;30;15.921965682939309;0.0633665475426624;psmsl;NA;Delfzijl
1967;24;Delfzijl;103;65.87160185724791;0.113316183716971;psmsl;NA;Delfzijl
1968;24;Delfzijl;37;-5.181915366458192;0.0422626664932649;psmsl;NA;Delfzijl
1969;24;Delfzijl;12;-24.424394470719587;0.0230201873890035;psmsl;NA;Delfzijl
1970;24;Delfzijl;62;21.847245595439915;0.069291827455163;psmsl;NA;Delfzijl
1971;24;Delfzijl;26;-6.7632219121787855;0.0406813599475443;psmsl;NA;Delfzijl
1972;24;Delfzijl;-57;-41.432768423469945;0.00601181343625314;psmsl;NA;Delfzijl
1973;24;Delfzijl;35;41.50748643905132;0.0889520682987744;psmsl;NA;Delfzijl
1974;24;Delfzijl;35;39.83593697872371;0.0872805188384468;psmsl;NA;Delfzijl
1975;24;Delfzijl;7;-4.761475979660183;0.042683105880062903;psmsl;NA;Delfzijl
1976;24;Delfzijl;-22;-21.079332209806385;0.0263652496499167;psmsl;NA;Delfzijl
1977;24;Delfzijl;15;24.577925367723807;0.0720225072274469;psmsl;NA;Delfzijl
1978;24;Delfzijl;15;6.454300536694014;0.0538988823964171;psmsl;NA;Delfzijl
1979;24;Delfzijl;1;-5.742786914517588;0.0417017949452055;psmsl;NA;Delfzijl
1980;24;Delfzijl;45;-0.1999938351328865;0.0472445880245902;psmsl;NA;Delfzijl
1981;24;Delfzijl;107;40.23855526630432;0.0876831371260274;psmsl;NA;Delfzijl
1982;24;Delfzijl;79;12.122136127674217;0.0595667179873973;psmsl;NA;Delfzijl
1983;24;Delfzijl;128;57.998054208769915;0.105442636068493;psmsl;NA;Delfzijl
1984;24;Delfzijl;31;-3.6803276821274835;0.0437642541775956;psmsl;NA;Delfzijl
1985;24;Delfzijl;47;7.1502814652084155;0.0545948633249315;psmsl;NA;Delfzijl
1986;24;Delfzijl;19;13.727632636167314;0.0611722144958904;psmsl;NA;Delfzijl
1987;24;Delfzijl;23;-22.649007599449085;0.024795574260274;psmsl;NA;Delfzijl
1988;24;Delfzijl;111;40.60410737524961;0.0880486892349727;psmsl;NA;Delfzijl
1989;24;Delfzijl;75;27.240742501920707;0.0746853243616438;psmsl;NA;Delfzijl
1990;24;Delfzijl;124;79.53767749644092;0.126982259356164;psmsl;NA;Delfzijl
1991;24;Delfzijl;9;1.2583645676742137;0.0487029464273973;psmsl;NA;Delfzijl
1992;24;Delfzijl;57;17.595506487817914;0.065040088347541;psmsl;NA;Delfzijl
1993;24;Delfzijl;54;4.081880206578312;0.0515264620663014;psmsl;NA;Delfzijl
1994;24;Delfzijl;93;36.78002649644131;0.0842246083561644;psmsl;NA;Delfzijl
1995;24;Delfzijl;106;20.80044948356462;0.0682450313432877;psmsl;NA;Delfzijl
1996;24;Delfzijl;-37;-69.6339363487941;-0.022189354489071;psmsl;NA;Delfzijl
1997;24;Delfzijl;39;-15.570924596709386;0.0318736572630137;psmsl;NA;Delfzijl
1998;24;Delfzijl;131;47.91605690192071;0.0953606387616438;psmsl;NA;Delfzijl
1999;24;Delfzijl;123;43.01974503205771;0.0904643268917808;psmsl;NA;Delfzijl
2000;24;Delfzijl;117;32.02236285065942;0.0794669447103825;psmsl;NA;Delfzijl
2001;24;Delfzijl;126;14.769064134331714;0.0622136459940548;psmsl;NA;Delfzijl
2002;24;Delfzijl;106;-12.070278340818987;0.0353743035189041;psmsl;NA;Delfzijl
2003;24;Delfzijl;86;-14.450111366572386;0.0329944704931507;psmsl;NA;Delfzijl
2004;24;Delfzijl;116;27.575557285085623;0.0750201391448087;psmsl;NA;Delfzijl
2005;24;Delfzijl;81;10.130638080002917;0.057575219939726;psmsl;NA;Delfzijl
2006;24;Delfzijl;80;14.726852844386514;0.0621714347041096;psmsl;NA;Delfzijl
2007;24;Delfzijl;155;48.127699726578314;0.0955722815863014;psmsl;NA;Delfzijl
2008;24;Delfzijl;117;35.32828959656112;0.0827728714562842;psmsl;NA;Delfzijl
2009;24;Delfzijl;81;-0.5090854980792869;0.0469354963616438;psmsl;NA;Delfzijl
2010;24;Delfzijl;67;-22.339374780270987;0.0251052070794521;psmsl;NA;Delfzijl
2011;24;Delfzijl;122;29.085409518359114;0.0765299913780822;psmsl;NA;Delfzijl
2012;24;Delfzijl;106;13.589774192735916;0.061034356052459;psmsl;NA;Delfzijl
2013;24;Delfzijl;82;-16.637078363832686;0.0308075034958904;psmsl;NA;Delfzijl
2014;24;Delfzijl;126;4.079198137811112;0.0515237799975342;psmsl;NA;Delfzijl
2015;24;Delfzijl;179;48.095339567674216;0.0955399214273973;psmsl;NA;Delfzijl
2016;24;Delfzijl;144;-12.34598137283789;0.0350986004868852;psmsl;NA;Delfzijl
2017;24;Delfzijl;202;41.42261054301662;0.0888671924027397;psmsl;NA;Delfzijl
2018;24;Delfzijl;105;-30.763304876161488;0.0166812769835616;psmsl;NA;Delfzijl
2019;24;Delfzijl;195;21.123414608770105;0.0685679964684932;psmsl;NA;Delfzijl
2020;24;Delfzijl;205;23.44545196541351;0.0708900338251366;psmsl;NA;Delfzijl
2021;24;Delfzijl;182;-3.179439284380585;0.0442651425753425;psmsl;NA;Delfzijl
2022;24;Delfzijl;165;11.53469632566901;0.0589792781853921;psmsl;NA;Delfzijl
2023;24;Delfzijl;223;36.10028907575942;0.0835448709354825;psmsl;NA;Delfzijl
2024;24;Delfzijl;218;24.796777474614217;0.0722413593343373;psmsl;NA;Delfzijl
1865;25;Harlingen;-248;0;NA;psmsl;NA;Harlingen
1866;25;Harlingen;-104;0;NA;psmsl;NA;Harlingen
1867;25;Harlingen;-133;0;NA;psmsl;NA;Harlingen
1868;25;Harlingen;-123;0;NA;psmsl;NA;Harlingen
1869;25;Harlingen;-141;0;NA;psmsl;NA;Harlingen
1870;25;Harlingen;-243;0;NA;psmsl;NA;Harlingen
1871;25;Harlingen;-167;0;NA;psmsl;NA;Harlingen
1872;25;Harlingen;-112;0;NA;psmsl;NA;Harlingen
1873;25;Harlingen;-98;0;NA;psmsl;NA;Harlingen
1874;25;Harlingen;-107;0;NA;psmsl;NA;Harlingen
1875;25;Harlingen;-185;0;NA;psmsl;NA;Harlingen
1876;25;Harlingen;-133;0;NA;psmsl;NA;Harlingen
1877;25;Harlingen;-53;0;NA;psmsl;NA;Harlingen
1878;25;Harlingen;-58;0;NA;psmsl;NA;Harlingen
1879;25;Harlingen;-139;0;NA;psmsl;NA;Harlingen
1880;25;Harlingen;-58;0;NA;psmsl;NA;Harlingen
1881;25;Harlingen;-129;0;NA;psmsl;NA;Harlingen
1882;25;Harlingen;-84;0;NA;psmsl;NA;Harlingen
1883;25;Harlingen;-109;0;NA;psmsl;NA;Harlingen
1884;25;Harlingen;-87;0;NA;psmsl;NA;Harlingen
1885;25;Harlingen;-124;0;NA;psmsl;NA;Harlingen
1886;25;Harlingen;-134;0;NA;psmsl;NA;Harlingen
1887;25;Harlingen;-142;0;NA;psmsl;NA;Harlingen
1888;25;Harlingen;-151;0;NA;psmsl;NA;Harlingen
1889;25;Harlingen;-114;0;NA;psmsl;NA;Harlingen
1890;25;Harlingen;-120;0;NA;psmsl;NA;Harlingen
1891;25;Harlingen;-100;0;NA;psmsl;NA;Harlingen
1892;25;Harlingen;-91;0;NA;psmsl;NA;Harlingen
1893;25;Harlingen;-74;0;NA;psmsl;NA;Harlingen
1894;25;Harlingen;-70;0;NA;psmsl;NA;Harlingen
1895;25;Harlingen;-104;0;NA;psmsl;NA;Harlingen
1896;25;Harlingen;-101;0;NA;psmsl;NA;Harlingen
1897;25;Harlingen;-82;0;NA;psmsl;NA;Harlingen
1898;25;Harlingen;-42;0;NA;psmsl;NA;Harlingen
1899;25;Harlingen;-79;0;NA;psmsl;NA;Harlingen
1900;25;Harlingen;-114;0;NA;psmsl;NA;Harlingen
1901;25;Harlingen;-126;0;NA;psmsl;NA;Harlingen
1902;25;Harlingen;-136;0;NA;psmsl;NA;Harlingen
1903;25;Harlingen;-15;0;NA;psmsl;NA;Harlingen
1904;25;Harlingen;-84;0;NA;psmsl;NA;Harlingen
1905;25;Harlingen;-78;0;NA;psmsl;NA;Harlingen
1906;25;Harlingen;-50;0;NA;psmsl;NA;Harlingen
1907;25;Harlingen;-78;0;NA;psmsl;NA;Harlingen
1908;25;Harlingen;-105;0;NA;psmsl;NA;Harlingen
1909;25;Harlingen;-59;0;NA;psmsl;NA;Harlingen
1910;25;Harlingen;-47;0;NA;psmsl;NA;Harlingen
1911;25;Harlingen;-77;0;NA;psmsl;NA;Harlingen
1912;25;Harlingen;-1;0;NA;psmsl;NA;Harlingen
1913;25;Harlingen;-25;0;NA;psmsl;NA;Harlingen
1914;25;Harlingen;-10;0;NA;psmsl;NA;Harlingen
1915;25;Harlingen;-74;0;NA;psmsl;NA;Harlingen
1916;25;Harlingen;-4;0;NA;psmsl;NA;Harlingen
1917;25;Harlingen;-53;0;NA;psmsl;NA;Harlingen
1918;25;Harlingen;-34;0;NA;psmsl;NA;Harlingen
1919;25;Harlingen;-60;0;NA;psmsl;NA;Harlingen
1920;25;Harlingen;-53;0;NA;psmsl;NA;Harlingen
1921;25;Harlingen;-35;0;NA;psmsl;NA;Harlingen
1922;25;Harlingen;-52;0;NA;psmsl;NA;Harlingen
1923;25;Harlingen;-8;0;NA;psmsl;NA;Harlingen
1924;25;Harlingen;-39;0;NA;psmsl;NA;Harlingen
1925;25;Harlingen;18;0;NA;psmsl;NA;Harlingen
1926;25;Harlingen;6;0;NA;psmsl;NA;Harlingen
1927;25;Harlingen;-10;0;NA;psmsl;NA;Harlingen
1928;25;Harlingen;8;0;NA;psmsl;NA;Harlingen
1929;25;Harlingen;-68;0;NA;psmsl;NA;Harlingen
1930;25;Harlingen;-36;0;NA;psmsl;NA;Harlingen
1931;25;Harlingen;-15;0;NA;psmsl;NA;Harlingen
1932;25;Harlingen;-29;0;NA;psmsl;NA;Harlingen
1933;25;Harlingen;-85;0;NA;psmsl;NA;Harlingen
1934;25;Harlingen;-55;0;NA;psmsl;NA;Harlingen
1935;25;Harlingen;-3;0;NA;psmsl;NA;Harlingen
1936;25;Harlingen;-13;0;NA;psmsl;NA;Harlingen
1937;25;Harlingen;-46;0;NA;psmsl;NA;Harlingen
1938;25;Harlingen;-13;0;NA;psmsl;NA;Harlingen
1939;25;Harlingen;-63;0;NA;psmsl;NA;Harlingen
1940;25;Harlingen;-57;0;NA;psmsl;NA;Harlingen
1941;25;Harlingen;-95;0;NA;psmsl;NA;Harlingen
1942;25;Harlingen;-59;0;NA;psmsl;NA;Harlingen
1943;25;Harlingen;-13;0;NA;psmsl;NA;Harlingen
1944;25;Harlingen;-11;0;NA;psmsl;NA;Harlingen
1945;25;Harlingen;-9;0;NA;psmsl;NA;Harlingen
1946;25;Harlingen;-32;0;NA;psmsl;NA;Harlingen
1947;25;Harlingen;-103;0;NA;psmsl;NA;Harlingen
1948;25;Harlingen;-10;0;NA;psmsl;NA;Harlingen
1949;25;Harlingen;8;0;NA;psmsl;NA;Harlingen
1950;25;Harlingen;2;44.2913966873013;0.0917359785470244;psmsl;NA;Harlingen
1951;25;Harlingen;-19;23.320884833657416;0.0707654666933805;psmsl;NA;Harlingen
1952;25;Harlingen;3;25.79238541184742;0.0732369672715705;psmsl;NA;Harlingen
1953;25;Harlingen;-42;-10.790706424224688;0.0366538754354984;psmsl;NA;Harlingen
1954;25;Harlingen;-16;50.04632786715891;0.097490909726882;psmsl;NA;Harlingen
1955;25;Harlingen;-19;16.99926877619781;0.0644438506359209;psmsl;NA;Harlingen
1956;25;Harlingen;-61;-0.9606082027537823;0.0464839736569693;psmsl;NA;Harlingen
1957;25;Harlingen;-15;16.88442621452461;0.0643290080742477;psmsl;NA;Harlingen
1958;25;Harlingen;-9;14.630926271016719;0.0620755081307398;psmsl;NA;Harlingen
1959;25;Harlingen;-59;-33.64394065175459;0.0138006412079685;psmsl;NA;Harlingen
1960;25;Harlingen;-24;1.0313381288736068;0.0484759199885967;psmsl;NA;Harlingen
1961;25;Harlingen;58;43.272859902423804;0.0907174417621469;psmsl;NA;Harlingen
1962;25;Harlingen;4;28.937486633871814;0.0763820684935949;psmsl;NA;Harlingen
1963;25;Harlingen;-73;-18.028435221315387;0.0294161466384077;psmsl;NA;Harlingen
1964;25;Harlingen;-60;-19.030873288443388;0.0284137085712797;psmsl;NA;Harlingen
1965;25;Harlingen;11;44.47257883970161;0.0919171606994247;psmsl;NA;Harlingen
1966;25;Harlingen;27;31.206517856118012;0.0786510997158411;psmsl;NA;Harlingen
1967;25;Harlingen;89;80.2094741655119;0.127654056025235;psmsl;NA;Harlingen
1968;25;Harlingen;-2;-0.09927493693458445;0.0473453069227885;psmsl;NA;Harlingen
1969;25;Harlingen;-3;-20.61314316878879;0.0268314386909343;psmsl;NA;Harlingen
1970;25;Harlingen;63;30.46992431428852;0.0779145061740116;psmsl;NA;Harlingen
1971;25;Harlingen;-15;-10.450222482818987;0.0369943593769041;psmsl;NA;Harlingen
1972;25;Harlingen;-13;-37.240966105063585;0.0102036157546595;psmsl;NA;Harlingen
1973;25;Harlingen;48;37.4752388866073;0.0849198207463304;psmsl;NA;Harlingen
1974;25;Harlingen;43;56.73423846362891;0.104178820323352;psmsl;NA;Harlingen
1975;25;Harlingen;-8;-5.609701036019885;0.0418348808237032;psmsl;NA;Harlingen
1976;25;Harlingen;-42;-26.664876782598384;0.0207797050771247;psmsl;NA;Harlingen
1977;25;Harlingen;21;36.89829361480501;0.0843428754745281;psmsl;NA;Harlingen
1978;25;Harlingen;-7;11.476078091836413;0.0589206599515595;psmsl;NA;Harlingen
1979;25;Harlingen;15;9.668136146578313;0.0571127180063014;psmsl;NA;Harlingen
1980;25;Harlingen;52;3.759107514593815;0.0512036893743169;psmsl;NA;Harlingen
1981;25;Harlingen;76;42.57854434575631;0.0900231262054794;psmsl;NA;Harlingen
1982;25;Harlingen;51;23.459256129318007;0.0709038379890411;psmsl;NA;Harlingen
1983;25;Harlingen;100;63.55769336767392;0.111002275227397;psmsl;NA;Harlingen
1984;25;Harlingen;16;2.899112424429916;0.050343694284153;psmsl;NA;Harlingen
1985;25;Harlingen;16;10.590107543016614;0.0580346894027397;psmsl;NA;Harlingen
1986;25;Harlingen;18;21.264270984112514;0.0687088528438356;psmsl;NA;Harlingen
1987;25;Harlingen;-11;-20.751812731503886;0.0266927691282192;psmsl;NA;Harlingen
1988;25;Harlingen;87;53.12867812115091;0.100573259980874;psmsl;NA;Harlingen
1989;25;Harlingen;35;29.171606995071414;0.0766161888547945;psmsl;NA;Harlingen
1990;25;Harlingen;95;91.01945227178393;0.138464034131507;psmsl;NA;Harlingen
1991;25;Harlingen;-42;-1.5149339035586848;0.0459296479561644;psmsl;NA;Harlingen
1992;25;Harlingen;9;24.836161962681317;0.0722807438224044;psmsl;NA;Harlingen
1993;25;Harlingen;3;5.326214981372814;0.0527707968410959;psmsl;NA;Harlingen
1994;25;Harlingen;55;48.66048231096181;0.0961050641706849;psmsl;NA;Harlingen
1995;25;Harlingen;53;20.829813367674205;0.0682743952273973;psmsl;NA;Harlingen
1996;25;Harlingen;-95;-76.81867099824768;-0.0293740891385246;psmsl;NA;Harlingen
1997;25;Harlingen;-9;-17.784114432325786;0.0296604674273973;psmsl;NA;Harlingen
1998;25;Harlingen;89;64.96404025534491;0.112408622115068;psmsl;NA;Harlingen
1999;25;Harlingen;80;56.312037094797915;0.103756618954521;psmsl;NA;Harlingen
2000;25;Harlingen;77;48.78001665393812;0.0962245985136612;psmsl;NA;Harlingen
2001;25;Harlingen;67;22.28633725260572;0.0697309191123288;psmsl;NA;Harlingen
2002;25;Harlingen;53;-3.5835298449285915;0.0438610520147945;psmsl;NA;Harlingen
2003;25;Harlingen;39;-18.76845753369569;0.0286761243260274;psmsl;NA;Harlingen
2004;25;Harlingen;88;37.12819985393811;0.0845727817136612;psmsl;NA;Harlingen
2005;25;Harlingen;58;11.686981267674213;0.0591315631273973;psmsl;NA;Harlingen
2006;25;Harlingen;65;22.719691611509816;0.0701642734712329;psmsl;NA;Harlingen
2007;25;Harlingen;122;48.70319294027692;0.0961477748;psmsl;NA;Harlingen
2008;25;Harlingen;98;45.60281810749002;0.0930473999672131;psmsl;NA;Harlingen
2009;25;Harlingen;52;7.396245673153615;0.0548408275328767;psmsl;NA;Harlingen
2010;25;Harlingen;30;-24.839425281640885;0.0226051565780822;psmsl;NA;Harlingen
2011;25;Harlingen;96;37.56204171013991;0.085006623569863;psmsl;NA;Harlingen
2012;25;Harlingen;83;20.43476961295451;0.0678793514726776;psmsl;NA;Harlingen
2013;25;Harlingen;40;-16.64139827890119;0.0308031835808219;psmsl;NA;Harlingen
2014;25;Harlingen;93;16.462313846660507;0.0639068957063836;psmsl;NA;Harlingen
2015;25;Harlingen;140;55.39857238959192;0.102843154249315;psmsl;NA;Harlingen
2016;25;Harlingen;103;-5.325522032127488;0.0421190598275956;psmsl;NA;Harlingen
2017;25;Harlingen;149;45.12792630466052;0.0925725081643836;psmsl;NA;Harlingen
2018;25;Harlingen;47;-32.379078988490186;0.0150655028712329;psmsl;NA;Harlingen
2019;25;Harlingen;140;29.294922740276903;0.0767395046;psmsl;NA;Harlingen
2020;25;Harlingen;153;36.63631980147912;0.0840809016612022;psmsl;NA;Harlingen
2021;25;Harlingen;117;0.598521553975516;0.0480431034136986;psmsl;NA;Harlingen
2022;25;Harlingen;142;12.091323630714918;0.059535905490438;psmsl;NA;Harlingen
2023;25;Harlingen;204;47.79114802121411;0.0952357298809372;psmsl;NA;Harlingen
2024;25;Harlingen;203;37.032193584221716;0.0844767754439448;psmsl;NA;Harlingen
1872;32;IJmuiden;-139;0;NA;psmsl;NA;IJmuiden
1873;32;IJmuiden;-94;0;NA;psmsl;NA;IJmuiden
1874;32;IJmuiden;-104;0;NA;psmsl;NA;IJmuiden
1875;32;IJmuiden;-175;0;NA;psmsl;NA;IJmuiden
1876;32;IJmuiden;-132;0;NA;psmsl;NA;IJmuiden
1877;32;IJmuiden;-32;0;NA;psmsl;NA;IJmuiden
1878;32;IJmuiden;-39;0;NA;psmsl;NA;IJmuiden
1879;32;IJmuiden;-117;0;NA;psmsl;NA;IJmuiden
1880;32;IJmuiden;-97;0;NA;psmsl;NA;IJmuiden
1881;32;IJmuiden;-166;0;NA;psmsl;NA;IJmuiden
1882;32;IJmuiden;-61;0;NA;psmsl;NA;IJmuiden
1883;32;IJmuiden;-102;0;NA;psmsl;NA;IJmuiden
1884;32;IJmuiden;-153;0;NA;psmsl;NA;IJmuiden
1885;32;IJmuiden;-166;0;NA;psmsl;NA;IJmuiden
1886;32;IJmuiden;-161;0;NA;psmsl;NA;IJmuiden
1887;32;IJmuiden;-233;0;NA;psmsl;NA;IJmuiden
1888;32;IJmuiden;-259;0;NA;psmsl;NA;IJmuiden
1889;32;IJmuiden;-206;0;NA;psmsl;NA;IJmuiden
1890;32;IJmuiden;-236;0;NA;psmsl;NA;IJmuiden
1891;32;IJmuiden;-197;0;NA;psmsl;NA;IJmuiden
1892;32;IJmuiden;-164;0;NA;psmsl;NA;IJmuiden
1893;32;IJmuiden;-117;0;NA;psmsl;NA;IJmuiden
1894;32;IJmuiden;-122;0;NA;psmsl;NA;IJmuiden
1895;32;IJmuiden;-224;0;NA;psmsl;NA;IJmuiden
1896;32;IJmuiden;-230;0;NA;psmsl;NA;IJmuiden
1897;32;IJmuiden;-212;0;NA;psmsl;NA;IJmuiden
1898;32;IJmuiden;-178;0;NA;psmsl;NA;IJmuiden
1899;32;IJmuiden;-166;0;NA;psmsl;NA;IJmuiden
1900;32;IJmuiden;-193;0;NA;psmsl;NA;IJmuiden
1901;32;IJmuiden;-199;0;NA;psmsl;NA;IJmuiden
1902;32;IJmuiden;-275;0;NA;psmsl;NA;IJmuiden
1903;32;IJmuiden;-183;0;NA;psmsl;NA;IJmuiden
1904;32;IJmuiden;-220;0;NA;psmsl;NA;IJmuiden
1905;32;IJmuiden;-229;0;NA;psmsl;NA;IJmuiden
1906;32;IJmuiden;-188;0;NA;psmsl;NA;IJmuiden
1907;32;IJmuiden;-238;0;NA;psmsl;NA;IJmuiden
1908;32;IJmuiden;-237;0;NA;psmsl;NA;IJmuiden
1909;32;IJmuiden;-157;0;NA;psmsl;NA;IJmuiden
1910;32;IJmuiden;-143;0;NA;psmsl;NA;IJmuiden
1911;32;IJmuiden;-167;0;NA;psmsl;NA;IJmuiden
1912;32;IJmuiden;-106;0;NA;psmsl;NA;IJmuiden
1913;32;IJmuiden;-126;0;NA;psmsl;NA;IJmuiden
1914;32;IJmuiden;-102;0;NA;psmsl;NA;IJmuiden
1915;32;IJmuiden;-136;0;NA;psmsl;NA;IJmuiden
1916;32;IJmuiden;-87;0;NA;psmsl;NA;IJmuiden
1917;32;IJmuiden;-144;0;NA;psmsl;NA;IJmuiden
1918;32;IJmuiden;-160;0;NA;psmsl;NA;IJmuiden
1919;32;IJmuiden;-210;0;NA;psmsl;NA;IJmuiden
1920;32;IJmuiden;-212;0;NA;psmsl;NA;IJmuiden
1921;32;IJmuiden;-195;0;NA;psmsl;NA;IJmuiden
1922;32;IJmuiden;-195;0;NA;psmsl;NA;IJmuiden
1923;32;IJmuiden;-173;0;NA;psmsl;NA;IJmuiden
1924;32;IJmuiden;-189;0;NA;psmsl;NA;IJmuiden
1925;32;IJmuiden;-143;0;NA;psmsl;NA;IJmuiden
1926;32;IJmuiden;-152;0;NA;psmsl;NA;IJmuiden
1927;32;IJmuiden;-119;0;NA;psmsl;NA;IJmuiden
1928;32;IJmuiden;-99;0;NA;psmsl;NA;IJmuiden
1929;32;IJmuiden;-159;0;NA;psmsl;NA;IJmuiden
1930;32;IJmuiden;-116;0;NA;psmsl;NA;IJmuiden
1931;32;IJmuiden;-115;0;NA;psmsl;NA;IJmuiden
1932;32;IJmuiden;-126;0;NA;psmsl;NA;IJmuiden
1933;32;IJmuiden;-172;0;NA;psmsl;NA;IJmuiden
1934;32;IJmuiden;-154;0;NA;psmsl;NA;IJmuiden
1935;32;IJmuiden;-108;0;NA;psmsl;NA;IJmuiden
1936;32;IJmuiden;-75;0;NA;psmsl;NA;IJmuiden
1937;32;IJmuiden;-77;0;NA;psmsl;NA;IJmuiden
1938;32;IJmuiden;-109;0;NA;psmsl;NA;IJmuiden
1939;32;IJmuiden;-106;0;NA;psmsl;NA;IJmuiden
1940;32;IJmuiden;-111;0;NA;psmsl;NA;IJmuiden
1941;32;IJmuiden;-133;0;NA;psmsl;NA;IJmuiden
1942;32;IJmuiden;-123;0;NA;psmsl;NA;IJmuiden
1943;32;IJmuiden;-66;0;NA;psmsl;NA;IJmuiden
1944;32;IJmuiden;-46;0;NA;psmsl;NA;IJmuiden
1945;32;IJmuiden;-110;0;NA;psmsl;NA;IJmuiden
1946;32;IJmuiden;-121;0;NA;psmsl;NA;IJmuiden
1947;32;IJmuiden;-146;0;NA;psmsl;NA;IJmuiden
1948;32;IJmuiden;-55;0;NA;psmsl;NA;IJmuiden
1949;32;IJmuiden;-51;0;NA;psmsl;NA;IJmuiden
1950;32;IJmuiden;-41;18.68958988758601;0.0661341717473091;psmsl;NA;IJmuiden
1951;32;IJmuiden;-53;2.7037047903107094;0.0501482866500338;psmsl;NA;IJmuiden
1952;32;IJmuiden;-33;9.483392976775711;0.0569279748364988;psmsl;NA;IJmuiden
1953;32;IJmuiden;-85;-32.41363364926649;0.0150309482104566;psmsl;NA;IJmuiden
1954;32;IJmuiden;-63;21.871245637851516;0.0693158274975746;psmsl;NA;IJmuiden
1955;32;IJmuiden;-38;3.9361121369848178;0.0513806939967079;psmsl;NA;IJmuiden
1956;32;IJmuiden;-95;-17.21788373353719;0.0302266981261859;psmsl;NA;IJmuiden
1957;32;IJmuiden;-65;-3.223333828550288;0.0442212480311728;psmsl;NA;IJmuiden
1958;32;IJmuiden;-64;3.776975251080117;0.0512215571108032;psmsl;NA;IJmuiden
1959;32;IJmuiden;-91;-43.9758861774665;0.00346869568225659;psmsl;NA;IJmuiden
1960;32;IJmuiden;-42;-3.311863799068888;0.0441327180606542;psmsl;NA;IJmuiden
1961;32;IJmuiden;3;20.678468082466622;0.0681230499421897;psmsl;NA;IJmuiden
1962;32;IJmuiden;-47;4.1643337519702115;0.0516089156116933;psmsl;NA;IJmuiden
1963;32;IJmuiden;-86;-29.980144948510787;0.0174644369112123;psmsl;NA;IJmuiden
1964;32;IJmuiden;-74;-35.05640210925129;0.0123881797504718;psmsl;NA;IJmuiden
1965;32;IJmuiden;-35;26.467166290614912;0.073911748150338;psmsl;NA;IJmuiden
1966;32;IJmuiden;7;19.560742705559306;0.0670053245652824;psmsl;NA;IJmuiden
1967;32;IJmuiden;16;43.90463760986012;0.0913492194695832;psmsl;NA;IJmuiden
1968;32;IJmuiden;-52;-9.370352344061587;0.0380742295156615;psmsl;NA;IJmuiden
1969;32;IJmuiden;-67;-21.813278777234885;0.0256313030824882;psmsl;NA;IJmuiden
1970;32;IJmuiden;-43;14.615945493224814;0.0620605273529479;psmsl;NA;IJmuiden
1971;32;IJmuiden;-84;-24.516553446335088;0.022928028413388;psmsl;NA;IJmuiden
1972;32;IJmuiden;-117;-45.29136743753109;0.00215321442219199;psmsl;NA;IJmuiden
1973;32;IJmuiden;-51;12.748378049030116;0.0601929599087532;psmsl;NA;IJmuiden
1974;32;IJmuiden;-42;36.791911642854615;0.0842364935025777;psmsl;NA;IJmuiden
1975;32;IJmuiden;-86;-21.791950528334787;0.0256526313313883;psmsl;NA;IJmuiden
1976;32;IJmuiden;-109;-35.41948744167459;0.0120250944180485;psmsl;NA;IJmuiden
1977;32;IJmuiden;-58;18.24728842539841;0.0656918702851215;psmsl;NA;IJmuiden
1978;32;IJmuiden;-28;-0.3498781694848887;0.0470947036902382;psmsl;NA;IJmuiden
1979;32;IJmuiden;-38;-3.3025651309559834;0.0441420167287671;psmsl;NA;IJmuiden
1980;32;IJmuiden;5;-10.548024996335087;0.036896556863388;psmsl;NA;IJmuiden
1981;32;IJmuiden;2;21.871590910139915;0.069316172769863;psmsl;NA;IJmuiden
1982;32;IJmuiden;-13;-4.42551493917518;0.0430190669205479;psmsl;NA;IJmuiden
1983;32;IJmuiden;26;30.179030096441323;0.0776236119561644;psmsl;NA;IJmuiden
1984;32;IJmuiden;-28;-14.106664249067386;0.0333379176106557;psmsl;NA;IJmuiden
1985;32;IJmuiden;-30;-10.743571599449083;0.036701010260274;psmsl;NA;IJmuiden
1986;32;IJmuiden;-34;-3.227427127120386;0.0442171547326027;psmsl;NA;IJmuiden
1987;32;IJmuiden;-34;-31.99702287479159;0.0154475589849315;psmsl;NA;IJmuiden
1988;32;IJmuiden;30;25.804181735905317;0.0732487635956284;psmsl;NA;IJmuiden
1989;32;IJmuiden;5;2.6542168471262144;0.0500987987068493;psmsl;NA;IJmuiden
1990;32;IJmuiden;33;48.64597234575642;0.0960905542054795;psmsl;NA;IJmuiden
1991;32;IJmuiden;-62;-25.582123262462787;0.0218624585972603;psmsl;NA;IJmuiden
1992;32;IJmuiden;-15;-0.021978941690292686;0.0474226029180328;psmsl;NA;IJmuiden
1993;32;IJmuiden;-21;-12.571809432873785;0.0348727724268493;psmsl;NA;IJmuiden
1994;32;IJmuiden;21;22.577599304660524;0.0700221811643836;psmsl;NA;IJmuiden
1995;32;IJmuiden;22;1.6876718819207142;0.0491322537416438;psmsl;NA;IJmuiden
1996;32;IJmuiden;-79;-74.07693256685418;-0.0266323507071311;psmsl;NA;IJmuiden
1997;32;IJmuiden;-25;-36.58444285424369;0.0108601390054794;psmsl;NA;IJmuiden
1998;32;IJmuiden;57;36.61221765260572;0.0840567995123288;psmsl;NA;IJmuiden
1999;32;IJmuiden;49;29.491657888222107;0.0769362397479452;psmsl;NA;IJmuiden
2000;32;IJmuiden;46;21.072605823337014;0.0685171876830601;psmsl;NA;IJmuiden
2001;32;IJmuiden;53;8.301748803948108;0.0557463306636712;psmsl;NA;IJmuiden
2002;32;IJmuiden;42;-19.51896136328469;0.0279256204964384;psmsl;NA;IJmuiden
2003;32;IJmuiden;33;-35.49906111658889;0.0119455207431342;psmsl;NA;IJmuiden
2004;32;IJmuiden;52;11.46620955639711;0.0589107914161202;psmsl;NA;IJmuiden
2005;32;IJmuiden;36;-6.235120840544987;0.0412094610191781;psmsl;NA;IJmuiden
2006;32;IJmuiden;35;-1.4015082652025868;0.0460430735945205;psmsl;NA;IJmuiden
2007;32;IJmuiden;83;23.348870608770113;0.0707934524684932;psmsl;NA;IJmuiden
2008;32;IJmuiden;55;17.57844185885611;0.0650230237185792;psmsl;NA;IJmuiden
2009;32;IJmuiden;14;-8.753888333695684;0.0386906935260274;psmsl;NA;IJmuiden
2010;32;IJmuiden;2;-24.779053765750486;0.0226655280939726;psmsl;NA;IJmuiden
2011;32;IJmuiden;33;6.492755962194714;0.0539373378219178;psmsl;NA;IJmuiden
2012;32;IJmuiden;27;-2.3281512395044857;0.0451164306202186;psmsl;NA;IJmuiden
2013;32;IJmuiden;3;-28.39021626876419;0.0190543655909589;psmsl;NA;IJmuiden
2014;32;IJmuiden;50;-3.128848256983389;0.0443157336027397;psmsl;NA;IJmuiden
2015;32;IJmuiden;64;15.598891739729012;0.0630434735994521;psmsl;NA;IJmuiden
2016;32;IJmuiden;57;-22.508119216553688;0.0249364626431694;psmsl;NA;IJmuiden
2017;32;IJmuiden;87;17.09389532219471;0.0645384771819178;psmsl;NA;IJmuiden
2018;32;IJmuiden;19;-42.194232506298434;0.00525034935342465;psmsl;NA;IJmuiden
2019;32;IJmuiden;60;6.834171206030312;0.0542787530657534;psmsl;NA;IJmuiden
2020;32;IJmuiden;66;7.094271257763211;0.0545388531174863;psmsl;NA;IJmuiden
2021;32;IJmuiden;46;-16.304719152873787;0.0311398627068493;psmsl;NA;IJmuiden
2022;32;IJmuiden;69;-11.639986800786083;0.035804595058937;psmsl;NA;IJmuiden
2023;32;IJmuiden;126;25.88033982152922;0.0733249216812523;psmsl;NA;IJmuiden
2024;32;IJmuiden;134;18.79469807177962;0.0662392799315027;psmsl;NA;IJmuiden
2025;NA;Delfzijl;182.7328081592267;-6.69008527028889;0.0407544965894342;rws_ddl_wadar;NA;Delfzijl
2025;NA;Den Helder;85.4779215835554;-20.473261992016287;0.0269713198677068;rws_ddl_wadar;NA;Den Helder
2025;NA;Harlingen;151.1384744214373;-4.901893532981781;0.0425426883267413;rws_ddl_wadar;NA;Harlingen
2025;NA;Hoek van Holland;156.22264509990484;-32.77406170536339;0.0146705201543597;rws_ddl_wadar;NA;Hoek van Holland
2025;NA;IJmuiden;86.89597379347123;-24.800375794478484;0.0226442060652446;rws_ddl_wadar;NA;IJmuiden
2025;NA;Vlissingen;82.85572934505461;-39.02237004142331;0.00842221181829978;rws_ddl_wadar;NA;Vlissingen
1862;NA;Netherlands;-142;0;NA;psmsl;calculated;Netherlands
1863;NA;Netherlands;-161;0;NA;psmsl;calculated;Netherlands
1864;NA;Netherlands;-263.5;0;NA;psmsl;calculated;Netherlands
1865;NA;Netherlands;-237;0;NA;psmsl;calculated;Netherlands
1866;NA;Netherlands;-138;0;NA;psmsl;calculated;Netherlands
1867;NA;Netherlands;-151.8;0;NA;psmsl;calculated;Netherlands
1868;NA;Netherlands;-156.6;0;NA;psmsl;calculated;Netherlands
1869;NA;Netherlands;-148.2;0;NA;psmsl;calculated;Netherlands
1870;NA;Netherlands;-222.2;0;NA;psmsl;calculated;Netherlands
1871;NA;Netherlands;-201.4;0;NA;psmsl;calculated;Netherlands
1872;NA;Netherlands;-150.5;0;NA;psmsl;calculated;Netherlands
1873;NA;Netherlands;-136.5;0;NA;psmsl;calculated;Netherlands
1874;NA;Netherlands;-148.16666666666666;0;NA;psmsl;calculated;Netherlands
1875;NA;Netherlands;-204.83333333333334;0;NA;psmsl;calculated;Netherlands
1876;NA;Netherlands;-159;0;NA;psmsl;calculated;Netherlands
1877;NA;Netherlands;-72;0;NA;psmsl;calculated;Netherlands
1878;NA;Netherlands;-97.83333333333333;0;NA;psmsl;calculated;Netherlands
1879;NA;Netherlands;-159.83333333333334;0;NA;psmsl;calculated;Netherlands
1880;NA;Netherlands;-115.83333333333333;0;NA;psmsl;calculated;Netherlands
1881;NA;Netherlands;-171.83333333333334;0;NA;psmsl;calculated;Netherlands
1882;NA;Netherlands;-134.16666666666666;0;NA;psmsl;calculated;Netherlands
1883;NA;Netherlands;-156.66666666666666;0;NA;psmsl;calculated;Netherlands
1884;NA;Netherlands;-158.5;0;NA;psmsl;calculated;Netherlands
1885;NA;Netherlands;-168.83333333333334;0;NA;psmsl;calculated;Netherlands
1886;NA;Netherlands;-173.66666666666666;0;NA;psmsl;calculated;Netherlands
1887;NA;Netherlands;-206.16666666666666;0;NA;psmsl;calculated;Netherlands
1888;NA;Netherlands;-228.16666666666666;0;NA;psmsl;calculated;Netherlands
1889;NA;Netherlands;-186.83333333333334;0;NA;psmsl;calculated;Netherlands
1890;NA;Netherlands;-194.66666666666666;0;NA;psmsl;calculated;Netherlands
1891;NA;Netherlands;-179;0;NA;psmsl;calculated;Netherlands
1892;NA;Netherlands;-166.5;0;NA;psmsl;calculated;Netherlands
1893;NA;Netherlands;-142.16666666666666;0;NA;psmsl;calculated;Netherlands
1894;NA;Netherlands;-141.83333333333334;0;NA;psmsl;calculated;Netherlands
1895;NA;Netherlands;-173;0;NA;psmsl;calculated;Netherlands
1896;NA;Netherlands;-185;0;NA;psmsl;calculated;Netherlands
1897;NA;Netherlands;-179.33333333333334;0;NA;psmsl;calculated;Netherlands
1898;NA;Netherlands;-138.33333333333334;0;NA;psmsl;calculated;Netherlands
1899;NA;Netherlands;-141;0;NA;psmsl;calculated;Netherlands
1900;NA;Netherlands;-176.5;0;NA;psmsl;calculated;Netherlands
1901;NA;Netherlands;-196.83333333333334;0;NA;psmsl;calculated;Netherlands
1902;NA;Netherlands;-225.16666666666666;0;NA;psmsl;calculated;Netherlands
1903;NA;Netherlands;-113.83333333333333;0;NA;psmsl;calculated;Netherlands
1904;NA;Netherlands;-151.83333333333334;0;NA;psmsl;calculated;Netherlands
1905;NA;Netherlands;-176.66666666666666;0;NA;psmsl;calculated;Netherlands
1906;NA;Netherlands;-139.83333333333334;0;NA;psmsl;calculated;Netherlands
1907;NA;Netherlands;-162.66666666666666;0;NA;psmsl;calculated;Netherlands
1908;NA;Netherlands;-169.83333333333334;0;NA;psmsl;calculated;Netherlands
1909;NA;Netherlands;-119.5;0;NA;psmsl;calculated;Netherlands
1910;NA;Netherlands;-110.33333333333333;0;NA;psmsl;calculated;Netherlands
1911;NA;Netherlands;-132.33333333333334;0;NA;psmsl;calculated;Netherlands
1912;NA;Netherlands;-70.16666666666667;0;NA;psmsl;calculated;Netherlands
1913;NA;Netherlands;-98.83333333333333;0;NA;psmsl;calculated;Netherlands
1914;NA;Netherlands;-86.5;0;NA;psmsl;calculated;Netherlands
1915;NA;Netherlands;-124.33333333333333;0;NA;psmsl;calculated;Netherlands
1916;NA;Netherlands;-73.33333333333333;0;NA;psmsl;calculated;Netherlands
1917;NA;Netherlands;-127.83333333333333;0;NA;psmsl;calculated;Netherlands
1918;NA;Netherlands;-131.5;0;NA;psmsl;calculated;Netherlands
1919;NA;Netherlands;-153.66666666666666;0;NA;psmsl;calculated;Netherlands
1920;NA;Netherlands;-149.16666666666666;0;NA;psmsl;calculated;Netherlands
1921;NA;Netherlands;-119.33333333333333;0;NA;psmsl;calculated;Netherlands
1922;NA;Netherlands;-126.33333333333333;0;NA;psmsl;calculated;Netherlands
1923;NA;Netherlands;-104;0;NA;psmsl;calculated;Netherlands
1924;NA;Netherlands;-130;0;NA;psmsl;calculated;Netherlands
1925;NA;Netherlands;-75.16666666666667;0;NA;psmsl;calculated;Netherlands
1926;NA;Netherlands;-93;0;NA;psmsl;calculated;Netherlands
1927;NA;Netherlands;-92.16666666666667;0;NA;psmsl;calculated;Netherlands
1928;NA;Netherlands;-79.33333333333333;0;NA;psmsl;calculated;Netherlands
1929;NA;Netherlands;-131.83333333333334;0;NA;psmsl;calculated;Netherlands
1930;NA;Netherlands;-83.33333333333333;0;NA;psmsl;calculated;Netherlands
1931;NA;Netherlands;-74.83333333333333;0;NA;psmsl;calculated;Netherlands
1932;NA;Netherlands;-90;0;NA;psmsl;calculated;Netherlands
1933;NA;Netherlands;-135.66666666666666;0;NA;psmsl;calculated;Netherlands
1934;NA;Netherlands;-121;0;NA;psmsl;calculated;Netherlands
1935;NA;Netherlands;-73.66666666666667;0;NA;psmsl;calculated;Netherlands
1936;NA;Netherlands;-59.333333333333336;0;NA;psmsl;calculated;Netherlands
1937;NA;Netherlands;-74.83333333333333;0;NA;psmsl;calculated;Netherlands
1938;NA;Netherlands;-61.166666666666664;0;NA;psmsl;calculated;Netherlands
1939;NA;Netherlands;-96.83333333333333;0;NA;psmsl;calculated;Netherlands
1940;NA;Netherlands;-89.5;0;NA;psmsl;calculated;Netherlands
1941;NA;Netherlands;-125;0;NA;psmsl;calculated;Netherlands
1942;NA;Netherlands;-109.5;0;NA;psmsl;calculated;Netherlands
1943;NA;Netherlands;-59.333333333333336;0;NA;psmsl;calculated;Netherlands
1944;NA;Netherlands;-49.333333333333336;0;NA;psmsl;calculated;Netherlands
1945;NA;Netherlands;-57.666666666666664;0;NA;psmsl;calculated;Netherlands
1946;NA;Netherlands;-68.5;0;NA;psmsl;calculated;Netherlands
1947;NA;Netherlands;-129.16666666666666;0;NA;psmsl;calculated;Netherlands
1948;NA;Netherlands;-56;0;NA;psmsl;calculated;Netherlands
1949;NA;Netherlands;-42.166666666666664;0;NA;psmsl;calculated;Netherlands
1950;NA;Netherlands;-43.166666666666664;19.38245418090361;0.0668270360406267;psmsl;calculated;Netherlands
1951;NA;Netherlands;-58.5;2.9836579343762124;0.0504282397940993;psmsl;calculated;Netherlands
1952;NA;Netherlands;-34.166666666666664;11.137616578795713;0.0585821984385188;psmsl;calculated;Netherlands
1953;NA;Netherlands;-73.16666666666667;-28.713023980882564;0.01873155787884052;psmsl;calculated;Netherlands
1954;NA;Netherlands;-45.5;23.28909606044571;0.0707336779201688;psmsl;calculated;Netherlands
1955;NA;Netherlands;-36.333333333333336;7.067666621432963;0.05451224848115605;psmsl;calculated;Netherlands
1956;NA;Netherlands;-93.83333333333333;-14.015920698589554;0.033428661161133535;psmsl;calculated;Netherlands
1957;NA;Netherlands;-60.833333333333336;-0.6703949142367888;0.046774186945486296;psmsl;calculated;Netherlands
1958;NA;Netherlands;-50.666666666666664;3.3619033952876145;0.0508064852550107;psmsl;calculated;Netherlands
1959;NA;Netherlands;-93.16666666666667;-42.13865780391654;0.005305924055806551;psmsl;calculated;Netherlands
1960;NA;Netherlands;-54.833333333333336;-7.0453490450907035;0.04039923281463238;psmsl;calculated;Netherlands
1961;NA;Netherlands;12.833333333333334;22.05897170259398;0.06950355356231706;psmsl;calculated;Netherlands
1962;NA;Netherlands;-39.666666666666664;7.773280747673263;0.05521786260739635;psmsl;calculated;Netherlands
1963;NA;Netherlands;-97;-28.83002909605976;0.018614552763663327;psmsl;calculated;Netherlands
1964;NA;Netherlands;-76.5;-31.523496773760478;0.01592108508596261;psmsl;calculated;Netherlands
1965;NA;Netherlands;-21.833333333333332;26.326088952470112;0.0737706708121932;psmsl;calculated;Netherlands
1966;NA;Netherlands;7.666666666666667;17.090436828314928;0.064535018688038015;psmsl;calculated;Netherlands
1967;NA;Netherlands;35.166666666666664;46.41509121863909;0.09385967307836218;psmsl;calculated;Netherlands
1968;NA;Netherlands;-29.333333333333332;-9.213017642703754;0.038231564217019336;psmsl;calculated;Netherlands
1969;NA;Netherlands;-43;-23.16487475277007;0.024279707106953017;psmsl;calculated;Netherlands
1970;NA;Netherlands;-9.833333333333334;14.847514674511581;0.06229209653423467;psmsl;calculated;Netherlands
1971;NA;Netherlands;-60.166666666666664;-21.25218112212977;0.026192400737593317;psmsl;calculated;Netherlands
1972;NA;Netherlands;-88.33333333333333;-44.806213643590226;0.00263836821613286;psmsl;calculated;Netherlands
1973;NA;Netherlands;-20.5;17.50574351145988;0.06495032537118296;psmsl;calculated;Netherlands
1974;NA;Netherlands;-16.666666666666668;35.813558749944576;0.08325814060966767;psmsl;calculated;Netherlands
1975;NA;Netherlands;-52;-18.665760869635854;0.028778820990087235;psmsl;calculated;Netherlands
1976;NA;Netherlands;-75.5;-32.94999980984045;0.014494582049882637;psmsl;calculated;Netherlands
1977;NA;Netherlands;-24.166666666666668;18.36508533561281;0.0658096671953359;psmsl;calculated;Netherlands
1978;NA;Netherlands;-31.833333333333332;-0.2804818547421372;0.04716410000498095;psmsl;calculated;Netherlands
1979;NA;Netherlands;-22.333333333333332;-4.853648540042703;0.042590933319680384;psmsl;calculated;Netherlands
1980;NA;Netherlands;5;-9.35011050981417;0.03809447134990892;psmsl;calculated;Netherlands
1981;NA;Netherlands;39;24.364830930459547;0.07180941279018263;psmsl;calculated;Netherlands
1982;NA;Netherlands;15.333333333333334;-1.943931945841803;0.04550064991388128;psmsl;calculated;Netherlands
1983;NA;Netherlands;52.833333333333336;34.73442037224032;0.08217900223196341;psmsl;calculated;Netherlands
1984;NA;Netherlands;-9.5;-12.47805375358467;0.034966528106138414;psmsl;calculated;Netherlands
1985;NA;Netherlands;-6.5;-7.6597094958418195;0.039784872363881264;psmsl;calculated;Netherlands
1986;NA;Netherlands;-13;-0.5145395185358866;0.0469300423411872;psmsl;calculated;Netherlands
1987;NA;Netherlands;-20.5;-30.704969593741357;0.01673961226598173;psmsl;calculated;Netherlands
1988;NA;Netherlands;55.833333333333336;27.63987125989435;0.07508445311961744;psmsl;calculated;Netherlands
1989;NA;Netherlands;17.833333333333332;7.068753207400195;0.05451333506712328;psmsl;calculated;Netherlands
1990;NA;Netherlands;54.333333333333336;53.519078197537155;0.10096366005726023;psmsl;calculated;Netherlands
1991;NA;Netherlands;-48;-20.44879168504728;0.02699579017467581;psmsl;calculated;Netherlands
1992;NA;Netherlands;-2.6666666666666665;2.4273599229271965;0.04987194178265028;psmsl;calculated;Netherlands
1993;NA;Netherlands;-5.166666666666667;-9.953831704809836;0.03749075015491325;psmsl;calculated;Netherlands
1994;NA;Netherlands;35.333333333333336;23.980822096441315;0.0714254039561644;psmsl;calculated;Netherlands
1995;NA;Netherlands;39.833333333333336;4.972142814569163;0.05241672467429225;psmsl;calculated;Netherlands
1996;NA;Netherlands;-74;-72.83946291321577;-0.025394881053492684;psmsl;calculated;Netherlands
1997;NA;Netherlands;-16.666666666666668;-32.5695239399514;0.014875057919771685;psmsl;calculated;Netherlands
1998;NA;Netherlands;64.33333333333333;36.99278797246861;0.0844373698321917;psmsl;calculated;Netherlands
1999;NA;Netherlands;58.666666666666664;30.79493660342768;0.07823951846315076;psmsl;calculated;Netherlands
2000;NA;Netherlands;54;21.74628759974868;0.06919086945947177;psmsl;calculated;Netherlands
2001;NA;Netherlands;61;8.261274020080563;0.05570585587980365;psmsl;calculated;Netherlands
2002;NA;Netherlands;46.166666666666664;-18.63855873053587;0.028806023129187217;psmsl;calculated;Netherlands
2003;NA;Netherlands;32;-31.192841911027205;0.01625173994869588;psmsl;calculated;Netherlands
2004;NA;Netherlands;62.833333333333336;13.484513636679464;0.06092909549640255;psmsl;calculated;Netherlands
2005;NA;Netherlands;45;-3.673517148280169;0.04377106471144292;psmsl;calculated;Netherlands
2006;NA;Netherlands;41.333333333333336;1.1207514768065803;0.04856533333652967;psmsl;calculated;Netherlands
2007;NA;Netherlands;94.83333333333333;27.445507162833998;0.07489008902255709;psmsl;calculated;Netherlands
2008;NA;Netherlands;66.33333333333333;19.898715730281467;0.06734329759000456;psmsl;calculated;Netherlands
2009;NA;Netherlands;33.666666666666664;-7.845313878946837;0.03959926798077625;psmsl;calculated;Netherlands
2010;NA;Netherlands;25.333333333333332;-24.703425340271036;0.02274115651945205;psmsl;calculated;Netherlands
2011;NA;Netherlands;60.166666666666664;10.394647748564578;0.05783922960828766;psmsl;calculated;Netherlands
2012;NA;Netherlands;50.666666666666664;0.05124332616033082;0.04749582518588342;psmsl;calculated;Netherlands
2013;NA;Netherlands;25.666666666666668;-26.25075317305642;0.021193828686666666;psmsl;calculated;Netherlands
2014;NA;Netherlands;66.66666666666667;-2.622097113453689;0.0448224847462694;psmsl;calculated;Netherlands
2015;NA;Netherlands;92.5;21.2662973031993;0.06871087916292239;psmsl;calculated;Netherlands
2016;NA;Netherlands;77;-20.978663082081937;0.02646591877764115;psmsl;calculated;Netherlands
2017;NA;Netherlands;112.16666666666667;20.790188148861397;0.06823477000858448;psmsl;calculated;Netherlands
2018;NA;Netherlands;39.333333333333336;-40.10941956794227;0.007335162291780817;psmsl;calculated;Netherlands
2019;NA;Netherlands;109.16666666666667;8.470478299226693;0.05591506015894978;psmsl;calculated;Netherlands
2020;NA;Netherlands;114.66666666666667;9.11349080355558;0.05655807266327867;psmsl;calculated;Netherlands
2021;NA;Netherlands;93.5;-14.539781244197986;0.0329048006155251;psmsl;calculated;Netherlands
2022;NA;Netherlands;106.33333333333333;-7.734788067076802;0.03970979379264628;psmsl;calculated;Netherlands
2023;NA;Netherlands;164.5;25.950540611648734;0.07339512247137182;psmsl;calculated;Netherlands
2024;NA;Netherlands;170.83333333333334;18.41170385052938;0.06585628571025247;psmsl;calculated;Netherlands
2025;NA;Netherlands;124.22059206710834;-21.44367472275869;0.026000907136964395;rws_ddl_wadar;calculated;Netherlands
1862;NA;Netherlands (without Delfzijl);-142;0;NA;psmsl;calculated;Netherlands (without Delfzijl)
1863;NA;Netherlands (without Delfzijl);-161;0;NA;psmsl;calculated;Netherlands (without Delfzijl)
1864;NA;Netherlands (without Delfzijl);-263.5;0;NA;psmsl;calculated;Netherlands (without Delfzijl)
1865;NA;Netherlands (without Delfzijl);-253.75;0;NA;psmsl;calculated;Netherlands (without Delfzijl)
1866;NA;Netherlands (without Delfzijl);-153.25;0;NA;psmsl;calculated;Netherlands (without Delfzijl)
1867;NA;Netherlands (without Delfzijl);-176.25;0;NA;psmsl;calculated;Netherlands (without Delfzijl)
1868;NA;Netherlands (without Delfzijl);-173.75;0;NA;psmsl;calculated;Netherlands (without Delfzijl)
1869;NA;Netherlands (without Delfzijl);-167.5;0;NA;psmsl;calculated;Netherlands (without Delfzijl)
1870;NA;Netherlands (without Delfzijl);-236.5;0;NA;psmsl;calculated;Netherlands (without Delfzijl)
1871;NA;Netherlands (without Delfzijl);-213.5;0;NA;psmsl;calculated;Netherlands (without Delfzijl)
1872;NA;Netherlands (without Delfzijl);-157.2;0;NA;psmsl;calculated;Netherlands (without Delfzijl)
1873;NA;Netherlands (without Delfzijl);-146.6;0;NA;psmsl;calculated;Netherlands (without Delfzijl)
1874;NA;Netherlands (without Delfzijl);-163;0;NA;psmsl;calculated;Netherlands (without Delfzijl)
1875;NA;Netherlands (without Delfzijl);-213.6;0;NA;psmsl;calculated;Netherlands (without Delfzijl)
1876;NA;Netherlands (without Delfzijl);-164.8;0;NA;psmsl;calculated;Netherlands (without Delfzijl)
1877;NA;Netherlands (without Delfzijl);-89.8;0;NA;psmsl;calculated;Netherlands (without Delfzijl)
1878;NA;Netherlands (without Delfzijl);-106;0;NA;psmsl;calculated;Netherlands (without Delfzijl)
1879;NA;Netherlands (without Delfzijl);-163.4;0;NA;psmsl;calculated;Netherlands (without Delfzijl)
1880;NA;Netherlands (without Delfzijl);-122;0;NA;psmsl;calculated;Netherlands (without Delfzijl)
1881;NA;Netherlands (without Delfzijl);-176;0;NA;psmsl;calculated;Netherlands (without Delfzijl)
1882;NA;Netherlands (without Delfzijl);-136.6;0;NA;psmsl;calculated;Netherlands (without Delfzijl)
1883;NA;Netherlands (without Delfzijl);-154;0;NA;psmsl;calculated;Netherlands (without Delfzijl)
1884;NA;Netherlands (without Delfzijl);-159.6;0;NA;psmsl;calculated;Netherlands (without Delfzijl)
1885;NA;Netherlands (without Delfzijl);-173.2;0;NA;psmsl;calculated;Netherlands (without Delfzijl)
1886;NA;Netherlands (without Delfzijl);-175.2;0;NA;psmsl;calculated;Netherlands (without Delfzijl)
1887;NA;Netherlands (without Delfzijl);-220.8;0;NA;psmsl;calculated;Netherlands (without Delfzijl)
1888;NA;Netherlands (without Delfzijl);-240.8;0;NA;psmsl;calculated;Netherlands (without Delfzijl)
1889;NA;Netherlands (without Delfzijl);-198.4;0;NA;psmsl;calculated;Netherlands (without Delfzijl)
1890;NA;Netherlands (without Delfzijl);-203.4;0;NA;psmsl;calculated;Netherlands (without Delfzijl)
1891;NA;Netherlands (without Delfzijl);-189.4;0;NA;psmsl;calculated;Netherlands (without Delfzijl)
1892;NA;Netherlands (without Delfzijl);-174.4;0;NA;psmsl;calculated;Netherlands (without Delfzijl)
1893;NA;Netherlands (without Delfzijl);-154;0;NA;psmsl;calculated;Netherlands (without Delfzijl)
1894;NA;Netherlands (without Delfzijl);-147;0;NA;psmsl;calculated;Netherlands (without Delfzijl)
1895;NA;Netherlands (without Delfzijl);-182;0;NA;psmsl;calculated;Netherlands (without Delfzijl)
1896;NA;Netherlands (without Delfzijl);-197.6;0;NA;psmsl;calculated;Netherlands (without Delfzijl)
1897;NA;Netherlands (without Delfzijl);-190.8;0;NA;psmsl;calculated;Netherlands (without Delfzijl)
1898;NA;Netherlands (without Delfzijl);-153;0;NA;psmsl;calculated;Netherlands (without Delfzijl)
1899;NA;Netherlands (without Delfzijl);-151;0;NA;psmsl;calculated;Netherlands (without Delfzijl)
1900;NA;Netherlands (without Delfzijl);-189.4;0;NA;psmsl;calculated;Netherlands (without Delfzijl)
1901;NA;Netherlands (without Delfzijl);-210.2;0;NA;psmsl;calculated;Netherlands (without Delfzijl)
1902;NA;Netherlands (without Delfzijl);-238;0;NA;psmsl;calculated;Netherlands (without Delfzijl)
1903;NA;Netherlands (without Delfzijl);-129.4;0;NA;psmsl;calculated;Netherlands (without Delfzijl)
1904;NA;Netherlands (without Delfzijl);-155.4;0;NA;psmsl;calculated;Netherlands (without Delfzijl)
1905;NA;Netherlands (without Delfzijl);-172.8;0;NA;psmsl;calculated;Netherlands (without Delfzijl)
1906;NA;Netherlands (without Delfzijl);-144.8;0;NA;psmsl;calculated;Netherlands (without Delfzijl)
1907;NA;Netherlands (without Delfzijl);-169.2;0;NA;psmsl;calculated;Netherlands (without Delfzijl)
1908;NA;Netherlands (without Delfzijl);-179.2;0;NA;psmsl;calculated;Netherlands (without Delfzijl)
1909;NA;Netherlands (without Delfzijl);-128.2;0;NA;psmsl;calculated;Netherlands (without Delfzijl)
1910;NA;Netherlands (without Delfzijl);-119.2;0;NA;psmsl;calculated;Netherlands (without Delfzijl)
1911;NA;Netherlands (without Delfzijl);-148;0;NA;psmsl;calculated;Netherlands (without Delfzijl)
1912;NA;Netherlands (without Delfzijl);-87;0;NA;psmsl;calculated;Netherlands (without Delfzijl)
1913;NA;Netherlands (without Delfzijl);-109.6;0;NA;psmsl;calculated;Netherlands (without Delfzijl)
1914;NA;Netherlands (without Delfzijl);-95.8;0;NA;psmsl;calculated;Netherlands (without Delfzijl)
1915;NA;Netherlands (without Delfzijl);-133.2;0;NA;psmsl;calculated;Netherlands (without Delfzijl)
1916;NA;Netherlands (without Delfzijl);-86.2;0;NA;psmsl;calculated;Netherlands (without Delfzijl)
1917;NA;Netherlands (without Delfzijl);-138.8;0;NA;psmsl;calculated;Netherlands (without Delfzijl)
1918;NA;Netherlands (without Delfzijl);-140.4;0;NA;psmsl;calculated;Netherlands (without Delfzijl)
1919;NA;Netherlands (without Delfzijl);-162;0;NA;psmsl;calculated;Netherlands (without Delfzijl)
1920;NA;Netherlands (without Delfzijl);-162;0;NA;psmsl;calculated;Netherlands (without Delfzijl)
1921;NA;Netherlands (without Delfzijl);-139.8;0;NA;psmsl;calculated;Netherlands (without Delfzijl)
1922;NA;Netherlands (without Delfzijl);-136.4;0;NA;psmsl;calculated;Netherlands (without Delfzijl)
1923;NA;Netherlands (without Delfzijl);-114.4;0;NA;psmsl;calculated;Netherlands (without Delfzijl)
1924;NA;Netherlands (without Delfzijl);-138.6;0;NA;psmsl;calculated;Netherlands (without Delfzijl)
1925;NA;Netherlands (without Delfzijl);-89.2;0;NA;psmsl;calculated;Netherlands (without Delfzijl)
1926;NA;Netherlands (without Delfzijl);-108.2;0;NA;psmsl;calculated;Netherlands (without Delfzijl)
1927;NA;Netherlands (without Delfzijl);-102;0;NA;psmsl;calculated;Netherlands (without Delfzijl)
1928;NA;Netherlands (without Delfzijl);-89.2;0;NA;psmsl;calculated;Netherlands (without Delfzijl)
1929;NA;Netherlands (without Delfzijl);-144.4;0;NA;psmsl;calculated;Netherlands (without Delfzijl)
1930;NA;Netherlands (without Delfzijl);-90.6;0;NA;psmsl;calculated;Netherlands (without Delfzijl)
1931;NA;Netherlands (without Delfzijl);-86.4;0;NA;psmsl;calculated;Netherlands (without Delfzijl)
1932;NA;Netherlands (without Delfzijl);-101.2;0;NA;psmsl;calculated;Netherlands (without Delfzijl)
1933;NA;Netherlands (without Delfzijl);-147;0;NA;psmsl;calculated;Netherlands (without Delfzijl)
1934;NA;Netherlands (without Delfzijl);-133.8;0;NA;psmsl;calculated;Netherlands (without Delfzijl)
1935;NA;Netherlands (without Delfzijl);-85.6;0;NA;psmsl;calculated;Netherlands (without Delfzijl)
1936;NA;Netherlands (without Delfzijl);-68.2;0;NA;psmsl;calculated;Netherlands (without Delfzijl)
1937;NA;Netherlands (without Delfzijl);-79.4;0;NA;psmsl;calculated;Netherlands (without Delfzijl)
1938;NA;Netherlands (without Delfzijl);-72.4;0;NA;psmsl;calculated;Netherlands (without Delfzijl)
1939;NA;Netherlands (without Delfzijl);-102.6;0;NA;psmsl;calculated;Netherlands (without Delfzijl)
1940;NA;Netherlands (without Delfzijl);-98;0;NA;psmsl;calculated;Netherlands (without Delfzijl)
1941;NA;Netherlands (without Delfzijl);-130.2;0;NA;psmsl;calculated;Netherlands (without Delfzijl)
1942;NA;Netherlands (without Delfzijl);-115.8;0;NA;psmsl;calculated;Netherlands (without Delfzijl)
1943;NA;Netherlands (without Delfzijl);-69.2;0;NA;psmsl;calculated;Netherlands (without Delfzijl)
1944;NA;Netherlands (without Delfzijl);-63.4;0;NA;psmsl;calculated;Netherlands (without Delfzijl)
1945;NA;Netherlands (without Delfzijl);-73.6;0;NA;psmsl;calculated;Netherlands (without Delfzijl)
1946;NA;Netherlands (without Delfzijl);-81.2;0;NA;psmsl;calculated;Netherlands (without Delfzijl)
1947;NA;Netherlands (without Delfzijl);-133.8;0;NA;psmsl;calculated;Netherlands (without Delfzijl)
1948;NA;Netherlands (without Delfzijl);-65.2;0;NA;psmsl;calculated;Netherlands (without Delfzijl)
1949;NA;Netherlands (without Delfzijl);-53.2;0;NA;psmsl;calculated;Netherlands (without Delfzijl)
1950;NA;Netherlands (without Delfzijl);-47.6;17.65915478562763;0.06510373664535071;psmsl;calculated;Netherlands (without Delfzijl)
1951;NA;Netherlands (without Delfzijl);-60.8;2.0310876847222317;0.04947566954444532;psmsl;calculated;Netherlands (without Delfzijl)
1952;NA;Netherlands (without Delfzijl);-41.4;9.223956481570553;0.056668538341293644;psmsl;calculated;Netherlands (without Delfzijl)
1953;NA;Netherlands (without Delfzijl);-82.4;-31.86616464239922;0.015578417217323866;psmsl;calculated;Netherlands (without Delfzijl)
1954;NA;Netherlands (without Delfzijl);-50.8;21.058482128179172;0.06850306398790226;psmsl;calculated;Netherlands (without Delfzijl)
1955;NA;Netherlands (without Delfzijl);-44.4;4.117060886934874;0.05156164274665796;psmsl;calculated;Netherlands (without Delfzijl)
1956;NA;Netherlands (without Delfzijl);-104.6;-16.910415248200685;0.0305341666115224;psmsl;calculated;Netherlands (without Delfzijl)
1957;NA;Netherlands (without Delfzijl);-69;-3.1944623785128883;0.0442501194812102;psmsl;calculated;Netherlands (without Delfzijl)
1958;NA;Netherlands (without Delfzijl);-54.8;2.8004122290929345;0.05024499408881602;psmsl;calculated;Netherlands (without Delfzijl)
1959;NA;Netherlands (without Delfzijl);-99.2;-43.75990863332291;0.0036846732264001823;psmsl;calculated;Netherlands (without Delfzijl)
1960;NA;Netherlands (without Delfzijl);-62.8;-5.492288729922388;0.0419522931298007;psmsl;calculated;Netherlands (without Delfzijl)
1961;NA;Netherlands (without Delfzijl);-1.8;19.906543835904774;0.06735112569562786;psmsl;calculated;Netherlands (without Delfzijl)
1962;NA;Netherlands (without Delfzijl);-50.8;4.067119589033273;0.05151170144875636;psmsl;calculated;Netherlands (without Delfzijl)
1963;NA;Netherlands (without Delfzijl);-110.6;-30.1591771242327;0.017285404735490388;psmsl;calculated;Netherlands (without Delfzijl)
1964;NA;Netherlands (without Delfzijl);-89;-34.43065886199693;0.013013922997726154;psmsl;calculated;Netherlands (without Delfzijl)
1965;NA;Netherlands (without Delfzijl);-26.2;25.093719083263693;0.07253830094298679;psmsl;calculated;Netherlands (without Delfzijl)
1966;NA;Netherlands (without Delfzijl);3.2;17.32413105739005;0.06476871291711314;psmsl;calculated;Netherlands (without Delfzijl)
1967;NA;Netherlands (without Delfzijl);21.6;42.52378909091733;0.08996837095064042;psmsl;calculated;Netherlands (without Delfzijl)
1968;NA;Netherlands (without Delfzijl);-42.6;-10.019238097952865;0.03742534376177022;psmsl;calculated;Netherlands (without Delfzijl)
1969;NA;Netherlands (without Delfzijl);-54;-22.912970809180166;0.02453161105054292;psmsl;calculated;Netherlands (without Delfzijl)
1970;NA;Netherlands (without Delfzijl);-24.2;13.447568490325915;0.060892150350049;psmsl;calculated;Netherlands (without Delfzijl)
1971;NA;Netherlands (without Delfzijl);-77.4;-24.149972964119968;0.02329460889560312;psmsl;calculated;Netherlands (without Delfzijl)
1972;NA;Netherlands (without Delfzijl);-94.6;-45.48090268761428;0.001963679172108804;psmsl;calculated;Netherlands (without Delfzijl)
1973;NA;Netherlands (without Delfzijl);-31.6;12.70539492594159;0.06014997678566468;psmsl;calculated;Netherlands (without Delfzijl)
1974;NA;Netherlands (without Delfzijl);-27;35.009083104188754;0.08245366496391184;psmsl;calculated;Netherlands (without Delfzijl)
1975;NA;Netherlands (without Delfzijl);-63.8;-21.446617847630986;0.0259979640120921;psmsl;calculated;Netherlands (without Delfzijl)
1976;NA;Netherlands (without Delfzijl);-86.2;-35.324133329847264;0.012120448529875824;psmsl;calculated;Netherlands (without Delfzijl)
1977;NA;Netherlands (without Delfzijl);-32;17.122517329190615;0.06456709918891369;psmsl;calculated;Netherlands (without Delfzijl)
1978;NA;Netherlands (without Delfzijl);-41.2;-1.6274383330293674;0.04581714352669372;psmsl;calculated;Netherlands (without Delfzijl)
1979;NA;Netherlands (without Delfzijl);-27;-4.675820865147726;0.04276876099457536;psmsl;calculated;Netherlands (without Delfzijl)
1980;NA;Netherlands (without Delfzijl);-3;-11.180133844750427;0.03626444801497266;psmsl;calculated;Netherlands (without Delfzijl)
1981;NA;Netherlands (without Delfzijl);25.4;21.190086063290593;0.06863466792301368;psmsl;calculated;Netherlands (without Delfzijl)
1982;NA;Netherlands (without Delfzijl);2.6;-4.757145560545007;0.04268743629917808;psmsl;calculated;Netherlands (without Delfzijl)
1983;NA;Netherlands (without Delfzijl);37.8;30.0816936049344;0.07752627546465748;psmsl;calculated;Netherlands (without Delfzijl)
1984;NA;Netherlands (without Delfzijl);-17.6;-14.237598967876107;0.03320698289184698;psmsl;calculated;Netherlands (without Delfzijl)
1985;NA;Netherlands (without Delfzijl);-17.2;-10.621707688051867;0.036822874171671224;psmsl;calculated;Netherlands (without Delfzijl)
1986;NA;Netherlands (without Delfzijl);-19.4;-3.362973949476527;0.04408160791024656;psmsl;calculated;Netherlands (without Delfzijl)
1987;NA;Netherlands (without Delfzijl);-29.2;-32.31616199259981;0.015128419867123278;psmsl;calculated;Netherlands (without Delfzijl)
1988;NA;Netherlands (without Delfzijl);44.8;25.0470240368233;0.07249160589654638;psmsl;calculated;Netherlands (without Delfzijl)
1989;NA;Netherlands (without Delfzijl);6.4;3.034355348496092;0.05047893720821918;psmsl;calculated;Netherlands (without Delfzijl)
1990;NA;Netherlands (without Delfzijl);40.4;48.3153583377564;0.09575994019747948;psmsl;calculated;Netherlands (without Delfzijl)
1991;NA;Netherlands (without Delfzijl);-59.4;-24.790222935591576;0.02265435892413151;psmsl;calculated;Netherlands (without Delfzijl)
1992;NA;Netherlands (without Delfzijl);-14.6;-0.6062693900509473;0.04683831246967214;psmsl;calculated;Netherlands (without Delfzijl)
1993;NA;Netherlands (without Delfzijl);-17;-12.760974087087465;0.03468360777263562;psmsl;calculated;Netherlands (without Delfzijl)
1994;NA;Netherlands (without Delfzijl);23.8;21.420981216441316;0.0688655630761644;psmsl;calculated;Netherlands (without Delfzijl)
1995;NA;Netherlands (without Delfzijl);26.6;1.8064814807700713;0.04925106334049316;psmsl;calculated;Netherlands (without Delfzijl)
1996;NA;Netherlands (without Delfzijl);-81.4;-73.4805682261001;-0.02603598636637702;psmsl;calculated;Netherlands (without Delfzijl)
1997;NA;Netherlands (without Delfzijl);-27.8;-35.969243808599806;0.011475338051123283;psmsl;calculated;Netherlands (without Delfzijl)
1998;NA;Netherlands (without Delfzijl);51;34.808134186578194;0.08225271604630129;psmsl;calculated;Netherlands (without Delfzijl)
1999;NA;Netherlands (without Delfzijl);45.8;28.349974917701672;0.07579455677742476;psmsl;calculated;Netherlands (without Delfzijl)
2000;NA;Netherlands (without Delfzijl);41.4;19.691072549566535;0.06713565440928962;psmsl;calculated;Netherlands (without Delfzijl)
2001;NA;Netherlands (without Delfzijl);48;6.959715997230333;0.05440429785695342;psmsl;calculated;Netherlands (without Delfzijl)
2002;NA;Netherlands (without Delfzijl);34.2;-19.952214808479248;0.02749236705124384;psmsl;calculated;Netherlands (without Delfzijl)
2003;NA;Netherlands (without Delfzijl);21.2;-34.54138801991817;0.012903193839804919;psmsl;calculated;Netherlands (without Delfzijl)
2004;NA;Netherlands (without Delfzijl);52.2;10.666304906998231;0.05811088676672132;psmsl;calculated;Netherlands (without Delfzijl)
2005;NA;Netherlands (without Delfzijl);37.8;-6.434348193936787;0.0410102336657863;psmsl;calculated;Netherlands (without Delfzijl)
2006;NA;Netherlands (without Delfzijl);33.6;-1.6004687967094064;0.04584411306301368;psmsl;calculated;Netherlands (without Delfzijl)
2007;NA;Netherlands (without Delfzijl);82.8;23.309068650085134;0.07075365050980822;psmsl;calculated;Netherlands (without Delfzijl)
2008;NA;Netherlands (without Delfzijl);56.2;16.812800957025534;0.06425738281674861;psmsl;calculated;Netherlands (without Delfzijl)
2009;NA;Netherlands (without Delfzijl);24.2;-9.312559555120348;0.03813202230460274;psmsl;calculated;Netherlands (without Delfzijl)
2010;NA;Netherlands (without Delfzijl);17;-25.176235452271047;0.022268346407452042;psmsl;calculated;Netherlands (without Delfzijl)
2011;NA;Netherlands (without Delfzijl);47.8;6.656495394605671;0.05410107725432876;psmsl;calculated;Netherlands (without Delfzijl)
2012;NA;Netherlands (without Delfzijl);39.6;-2.656462847154786;0.0447881190125683;psmsl;calculated;Netherlands (without Delfzijl)
2013;NA;Netherlands (without Delfzijl);14.4;-28.173488134901167;0.01927109372482192;psmsl;calculated;Netherlands (without Delfzijl)
2014;NA;Netherlands (without Delfzijl);54.8;-3.962356163706649;0.04348222569601644;psmsl;calculated;Netherlands (without Delfzijl)
2015;NA;Netherlands (without Delfzijl);75.2;15.900488850304315;0.0633450707100274;psmsl;calculated;Netherlands (without Delfzijl)
2016;NA;Netherlands (without Delfzijl);63.6;-22.705199423930747;0.02473938243579234;psmsl;calculated;Netherlands (without Delfzijl)
2017;NA;Netherlands (without Delfzijl);94.2;16.66370367003035;0.06410828552975344;psmsl;calculated;Netherlands (without Delfzijl)
2018;NA;Netherlands (without Delfzijl);26.2;-41.97864250629843;0.00546593935342466;psmsl;calculated;Netherlands (without Delfzijl)
2019;NA;Netherlands (without Delfzijl);92;5.939891037318011;0.053384472897041096;psmsl;calculated;Netherlands (without Delfzijl)
2020;NA;Netherlands (without Delfzijl);96.6;6.247098571183995;0.05369168043090708;psmsl;calculated;Netherlands (without Delfzijl)
2021;NA;Netherlands (without Delfzijl);75.8;-16.811849636161465;0.03063273222356162;psmsl;calculated;Netherlands (without Delfzijl)
2022;NA;Netherlands (without Delfzijl);94.6;-11.588684945625964;0.03585589691409712;psmsl;calculated;Netherlands (without Delfzijl)
2023;NA;Netherlands (without Delfzijl);152.8;23.920590918826594;0.07136517277854969;psmsl;calculated;Netherlands (without Delfzijl)
2024;NA;Netherlands (without Delfzijl);161.4;17.134689125712413;0.0645792709854355;psmsl;calculated;Netherlands (without Delfzijl)
2025;NA;Netherlands (without Delfzijl);112.51814884868467;-24.39439261325265;0.023050189246470437;rws_ddl_wadar;calculated;Netherlands (without Delfzijl)
