year,locatie.code,locatie.naam
2024,AWG,AWG platform
2024,BSA,Borssele Alpha
2024,CADZ,Cadzand
1900,CADZD,Cadzand
1901,CADZD,Cadzand
1902,CADZD,Cadzand
1903,CADZD,Cadzand
1904,CADZD,Cadzand
1905,CADZD,Cadzand
1924,CADZD,Cadzand
1925,CADZD,Cadzand
1926,CADZD,Cadzand
1927,CADZD,Cadzand
1928,CADZD,Cadzand
1929,CADZD,Cadzand
1950,CADZD,Cadzand
1951,CADZD,Cadzand
1952,CADZD,Cadzand
1953,CADZD,Cadzand
1954,CADZD,Cadzand
1955,CADZD,Cadzand
1956,CADZD,Cadzand
1957,CADZD,Cadzand
1958,CADZD,Cadzand
1959,CADZD,Cadzand
1960,CADZD,Cadzand
1961,CADZD,Cadzand
1962,CADZD,Cadzand
1963,CADZD,Cadzand
1964,CADZD,Cadzand
1965,CADZD,Cadzand
1966,CADZD,Cadzand
1967,CADZD,Cadzand
1968,CADZD,Cadzand
1969,CADZD,Cadzand
1970,CADZD,Cadzand
1971,CADZD,Cadzand
1972,CADZD,Cadzand
1973,CADZD,Cadzand
1974,CADZD,Cadzand
1975,CADZD,Cadzand
1976,CADZD,Cadzand
1977,CADZD,Cadzand
1978,CADZD,Cadzand
1979,CADZD,Cadzand
1980,CADZD,Cadzand
1981,CADZD,Cadzand
1982,CADZD,Cadzand
1983,CADZD,Cadzand
1984,CADZD,Cadzand
1985,CADZD,Cadzand
1986,CADZD,Cadzand
1987,CADZD,Cadzand
1988,CADZD,Cadzand
1989,CADZD,Cadzand
1990,CADZD,Cadzand
1991,CADZD,Cadzand
1992,CADZD,Cadzand
1993,CADZD,Cadzand
1994,CADZD,Cadzand
1995,CADZD,Cadzand
1996,CADZD,Cadzand
1997,CADZD,Cadzand
1998,CADZD,Cadzand
1999,CADZD,Cadzand
2000,CADZD,Cadzand
2001,CADZD,Cadzand
2002,CADZD,Cadzand
2003,CADZD,Cadzand
2004,CADZD,Cadzand
2005,CADZD,Cadzand
2006,CADZD,Cadzand
2007,CADZD,Cadzand
2008,CADZD,Cadzand
2009,CADZD,Cadzand
2010,CADZD,Cadzand
2011,CADZD,Cadzand
2012,CADZD,Cadzand
2013,CADZD,Cadzand
2014,CADZD,Cadzand
2015,CADZD,Cadzand
2016,CADZD,Cadzand
2017,CADZD,Cadzand
2018,CADZD,Cadzand
2019,CADZD,Cadzand
2020,CADZD,Cadzand
2021,CADZD,Cadzand
2022,CADZD,Cadzand
2023,CADZD,Cadzand
2024,D15,D15 platform
1900,DELFZL,Delfzijl
1901,DELFZL,Delfzijl
1902,DELFZL,Delfzijl
1903,DELFZL,Delfzijl
1904,DELFZL,Delfzijl
1905,DELFZL,Delfzijl
1906,DELFZL,Delfzijl
1907,DELFZL,Delfzijl
1908,DELFZL,Delfzijl
1909,DELFZL,Delfzijl
1910,DELFZL,Delfzijl
1911,DELFZL,Delfzijl
1912,DELFZL,Delfzijl
1913,DELFZL,Delfzijl
1914,DELFZL,Delfzijl
1915,DELFZL,Delfzijl
1916,DELFZL,Delfzijl
1917,DELFZL,Delfzijl
1918,DELFZL,Delfzijl
1919,DELFZL,Delfzijl
1920,DELFZL,Delfzijl
1921,DELFZL,Delfzijl
1922,DELFZL,Delfzijl
1923,DELFZL,Delfzijl
1924,DELFZL,Delfzijl
1925,DELFZL,Delfzijl
1926,DELFZL,Delfzijl
1927,DELFZL,Delfzijl
1928,DELFZL,Delfzijl
1929,DELFZL,Delfzijl
1930,DELFZL,Delfzijl
1931,DELFZL,Delfzijl
1932,DELFZL,Delfzijl
1933,DELFZL,Delfzijl
1934,DELFZL,Delfzijl
1935,DELFZL,Delfzijl
1936,DELFZL,Delfzijl
1937,DELFZL,Delfzijl
1938,DELFZL,Delfzijl
1939,DELFZL,Delfzijl
1940,DELFZL,Delfzijl
1941,DELFZL,Delfzijl
1942,DELFZL,Delfzijl
1943,DELFZL,Delfzijl
1944,DELFZL,Delfzijl
1945,DELFZL,Delfzijl
1946,DELFZL,Delfzijl
1947,DELFZL,Delfzijl
1948,DELFZL,Delfzijl
1949,DELFZL,Delfzijl
1950,DELFZL,Delfzijl
1951,DELFZL,Delfzijl
1952,DELFZL,Delfzijl
1953,DELFZL,Delfzijl
1954,DELFZL,Delfzijl
1955,DELFZL,Delfzijl
1956,DELFZL,Delfzijl
1957,DELFZL,Delfzijl
1958,DELFZL,Delfzijl
1959,DELFZL,Delfzijl
1960,DELFZL,Delfzijl
1961,DELFZL,Delfzijl
1962,DELFZL,Delfzijl
1963,DELFZL,Delfzijl
1964,DELFZL,Delfzijl
1965,DELFZL,Delfzijl
1966,DELFZL,Delfzijl
1967,DELFZL,Delfzijl
1968,DELFZL,Delfzijl
1969,DELFZL,Delfzijl
1970,DELFZL,Delfzijl
1971,DELFZL,Delfzijl
1972,DELFZL,Delfzijl
1973,DELFZL,Delfzijl
1974,DELFZL,Delfzijl
1975,DELFZL,Delfzijl
1976,DELFZL,Delfzijl
1977,DELFZL,Delfzijl
1978,DELFZL,Delfzijl
1979,DELFZL,Delfzijl
1980,DELFZL,Delfzijl
1981,DELFZL,Delfzijl
1982,DELFZL,Delfzijl
1983,DELFZL,Delfzijl
1984,DELFZL,Delfzijl
1985,DELFZL,Delfzijl
1986,DELFZL,Delfzijl
1987,DELFZL,Delfzijl
1988,DELFZL,Delfzijl
1989,DELFZL,Delfzijl
1990,DELFZL,Delfzijl
1991,DELFZL,Delfzijl
1992,DELFZL,Delfzijl
1993,DELFZL,Delfzijl
1994,DELFZL,Delfzijl
1995,DELFZL,Delfzijl
1996,DELFZL,Delfzijl
1997,DELFZL,Delfzijl
1998,DELFZL,Delfzijl
1999,DELFZL,Delfzijl
2000,DELFZL,Delfzijl
2001,DELFZL,Delfzijl
2002,DELFZL,Delfzijl
2003,DELFZL,Delfzijl
2004,DELFZL,Delfzijl
2005,DELFZL,Delfzijl
2006,DELFZL,Delfzijl
2007,DELFZL,Delfzijl
2008,DELFZL,Delfzijl
2009,DELFZL,Delfzijl
2010,DELFZL,Delfzijl
2011,DELFZL,Delfzijl
2012,DELFZL,Delfzijl
2013,DELFZL,Delfzijl
2014,DELFZL,Delfzijl
2015,DELFZL,Delfzijl
2016,DELFZL,Delfzijl
2017,DELFZL,Delfzijl
2018,DELFZL,Delfzijl
2019,DELFZL,Delfzijl
2020,DELFZL,Delfzijl
2021,DELFZL,Delfzijl
2022,DELFZL,Delfzijl
2023,DELFZL,Delfzijl
2024,DENH,Den Helder
1900,DENHDR,Den Helder
1901,DENHDR,Den Helder
1902,DENHDR,Den Helder
1903,DENHDR,Den Helder
1904,DENHDR,Den Helder
1905,DENHDR,Den Helder
1924,DENHDR,Den Helder
1925,DENHDR,Den Helder
1926,DENHDR,Den Helder
1927,DENHDR,Den Helder
1928,DENHDR,Den Helder
1929,DENHDR,Den Helder
1950,DENHDR,Den Helder
1951,DENHDR,Den Helder
1952,DENHDR,Den Helder
1953,DENHDR,Den Helder
1954,DENHDR,Den Helder
1955,DENHDR,Den Helder
1956,DENHDR,Den Helder
1957,DENHDR,Den Helder
1958,DENHDR,Den Helder
1959,DENHDR,Den Helder
1960,DENHDR,Den Helder
1961,DENHDR,Den Helder
1962,DENHDR,Den Helder
1963,DENHDR,Den Helder
1964,DENHDR,Den Helder
1965,DENHDR,Den Helder
1966,DENHDR,Den Helder
1967,DENHDR,Den Helder
1968,DENHDR,Den Helder
1969,DENHDR,Den Helder
1970,DENHDR,Den Helder
1971,DENHDR,Den Helder
1972,DENHDR,Den Helder
1973,DENHDR,Den Helder
1974,DENHDR,Den Helder
1975,DENHDR,Den Helder
1976,DENHDR,Den Helder
1977,DENHDR,Den Helder
1978,DENHDR,Den Helder
1979,DENHDR,Den Helder
1980,DENHDR,Den Helder
1981,DENHDR,Den Helder
1982,DENHDR,Den Helder
1983,DENHDR,Den Helder
1984,DENHDR,Den Helder
1985,DENHDR,Den Helder
1986,DENHDR,Den Helder
1987,DENHDR,Den Helder
1988,DENHDR,Den Helder
1989,DENHDR,Den Helder
1990,DENHDR,Den Helder
1991,DENHDR,Den Helder
1992,DENHDR,Den Helder
1993,DENHDR,Den Helder
1994,DENHDR,Den Helder
1995,DENHDR,Den Helder
1996,DENHDR,Den Helder
1997,DENHDR,Den Helder
1998,DENHDR,Den Helder
1999,DENHDR,Den Helder
2000,DENHDR,Den Helder
2001,DENHDR,Den Helder
2002,DENHDR,Den Helder
2003,DENHDR,Den Helder
2004,DENHDR,Den Helder
2005,DENHDR,Den Helder
2006,DENHDR,Den Helder
2007,DENHDR,Den Helder
2008,DENHDR,Den Helder
2009,DENHDR,Den Helder
2010,DENHDR,Den Helder
2011,DENHDR,Den Helder
2012,DENHDR,Den Helder
2013,DENHDR,Den Helder
2014,DENHDR,Den Helder
2015,DENHDR,Den Helder
2016,DENHDR,Den Helder
2017,DENHDR,Den Helder
2018,DENHDR,Den Helder
2019,DENHDR,Den Helder
2020,DENHDR,Den Helder
2021,DENHDR,Den Helder
2022,DENHDR,Den Helder
2023,DENHDR,Den Helder
1900,DENOVBTN,Den Oever buiten
1901,DENOVBTN,Den Oever buiten
1902,DENOVBTN,Den Oever buiten
1903,DENOVBTN,Den Oever buiten
1904,DENOVBTN,Den Oever buiten
1924,DENOVBTN,Den Oever buiten
1925,DENOVBTN,Den Oever buiten
1926,DENOVBTN,Den Oever buiten
1927,DENOVBTN,Den Oever buiten
1928,DENOVBTN,Den Oever buiten
1929,DENOVBTN,Den Oever buiten
1950,DENOVBTN,Den Oever buiten
1951,DENOVBTN,Den Oever buiten
1952,DENOVBTN,Den Oever buiten
1953,DENOVBTN,Den Oever buiten
1954,DENOVBTN,Den Oever buiten
1955,DENOVBTN,Den Oever buiten
1956,DENOVBTN,Den Oever buiten
1957,DENOVBTN,Den Oever buiten
1958,DENOVBTN,Den Oever buiten
1959,DENOVBTN,Den Oever buiten
1960,DENOVBTN,Den Oever buiten
1961,DENOVBTN,Den Oever buiten
1962,DENOVBTN,Den Oever buiten
1963,DENOVBTN,Den Oever buiten
1964,DENOVBTN,Den Oever buiten
1965,DENOVBTN,Den Oever buiten
1966,DENOVBTN,Den Oever buiten
1967,DENOVBTN,Den Oever buiten
1968,DENOVBTN,Den Oever buiten
1969,DENOVBTN,Den Oever buiten
1970,DENOVBTN,Den Oever buiten
1971,DENOVBTN,Den Oever buiten
1972,DENOVBTN,Den Oever buiten
1973,DENOVBTN,Den Oever buiten
1974,DENOVBTN,Den Oever buiten
1975,DENOVBTN,Den Oever buiten
1976,DENOVBTN,Den Oever buiten
1977,DENOVBTN,Den Oever buiten
1978,DENOVBTN,Den Oever buiten
1979,DENOVBTN,Den Oever buiten
1980,DENOVBTN,Den Oever buiten
1981,DENOVBTN,Den Oever buiten
1982,DENOVBTN,Den Oever buiten
1983,DENOVBTN,Den Oever buiten
1984,DENOVBTN,Den Oever buiten
1985,DENOVBTN,Den Oever buiten
1986,DENOVBTN,Den Oever buiten
1987,DENOVBTN,Den Oever buiten
1988,DENOVBTN,Den Oever buiten
1989,DENOVBTN,Den Oever buiten
1990,DENOVBTN,Den Oever buiten
1991,DENOVBTN,Den Oever buiten
1992,DENOVBTN,Den Oever buiten
1993,DENOVBTN,Den Oever buiten
1994,DENOVBTN,Den Oever buiten
1995,DENOVBTN,Den Oever buiten
1996,DENOVBTN,Den Oever buiten
1997,DENOVBTN,Den Oever buiten
1998,DENOVBTN,Den Oever buiten
1999,DENOVBTN,Den Oever buiten
2000,DENOVBTN,Den Oever buiten
2001,DENOVBTN,Den Oever buiten
2002,DENOVBTN,Den Oever buiten
2003,DENOVBTN,Den Oever buiten
2004,DENOVBTN,Den Oever buiten
2005,DENOVBTN,Den Oever buiten
2006,DENOVBTN,Den Oever buiten
2007,DENOVBTN,Den Oever buiten
2008,DENOVBTN,Den Oever buiten
2009,DENOVBTN,Den Oever buiten
2010,DENOVBTN,Den Oever buiten
2011,DENOVBTN,Den Oever buiten
2012,DENOVBTN,Den Oever buiten
2013,DENOVBTN,Den Oever buiten
2014,DENOVBTN,Den Oever buiten
2015,DENOVBTN,Den Oever buiten
2016,DENOVBTN,Den Oever buiten
2017,DENOVBTN,Den Oever buiten
2018,DENOVBTN,Den Oever buiten
2019,DENOVBTN,Den Oever buiten
2020,DENOVBTN,Den Oever buiten
2021,DENOVBTN,Den Oever buiten
2022,DENOVBTN,Den Oever buiten
2023,DENOVBTN,Den Oever buiten
2024,DLFZ,Delfzijl
2024,EPL2,Europlatform 2
2024,HA10,Haringvliet 10
2024,HARL,Harlingen
1900,HARLGN,Harlingen
1901,HARLGN,Harlingen
1902,HARLGN,Harlingen
1903,HARLGN,Harlingen
1904,HARLGN,Harlingen
1905,HARLGN,Harlingen
1906,HARLGN,Harlingen
1907,HARLGN,Harlingen
1908,HARLGN,Harlingen
1909,HARLGN,Harlingen
1910,HARLGN,Harlingen
1911,HARLGN,Harlingen
1912,HARLGN,Harlingen
1913,HARLGN,Harlingen
1914,HARLGN,Harlingen
1915,HARLGN,Harlingen
1916,HARLGN,Harlingen
1917,HARLGN,Harlingen
1918,HARLGN,Harlingen
1919,HARLGN,Harlingen
1920,HARLGN,Harlingen
1921,HARLGN,Harlingen
1922,HARLGN,Harlingen
1923,HARLGN,Harlingen
1924,HARLGN,Harlingen
1925,HARLGN,Harlingen
1926,HARLGN,Harlingen
1927,HARLGN,Harlingen
1928,HARLGN,Harlingen
1929,HARLGN,Harlingen
1930,HARLGN,Harlingen
1931,HARLGN,Harlingen
1932,HARLGN,Harlingen
1933,HARLGN,Harlingen
1934,HARLGN,Harlingen
1935,HARLGN,Harlingen
1936,HARLGN,Harlingen
1937,HARLGN,Harlingen
1938,HARLGN,Harlingen
1939,HARLGN,Harlingen
1940,HARLGN,Harlingen
1941,HARLGN,Harlingen
1942,HARLGN,Harlingen
1943,HARLGN,Harlingen
1944,HARLGN,Harlingen
1945,HARLGN,Harlingen
1946,HARLGN,Harlingen
1947,HARLGN,Harlingen
1948,HARLGN,Harlingen
1949,HARLGN,Harlingen
1950,HARLGN,Harlingen
1951,HARLGN,Harlingen
1952,HARLGN,Harlingen
1953,HARLGN,Harlingen
1954,HARLGN,Harlingen
1955,HARLGN,Harlingen
1956,HARLGN,Harlingen
1957,HARLGN,Harlingen
1958,HARLGN,Harlingen
1959,HARLGN,Harlingen
1960,HARLGN,Harlingen
1961,HARLGN,Harlingen
1962,HARLGN,Harlingen
1963,HARLGN,Harlingen
1964,HARLGN,Harlingen
1965,HARLGN,Harlingen
1966,HARLGN,Harlingen
1967,HARLGN,Harlingen
1968,HARLGN,Harlingen
1969,HARLGN,Harlingen
1970,HARLGN,Harlingen
1971,HARLGN,Harlingen
1972,HARLGN,Harlingen
1973,HARLGN,Harlingen
1974,HARLGN,Harlingen
1975,HARLGN,Harlingen
1976,HARLGN,Harlingen
1977,HARLGN,Harlingen
1978,HARLGN,Harlingen
1979,HARLGN,Harlingen
1980,HARLGN,Harlingen
1981,HARLGN,Harlingen
1982,HARLGN,Harlingen
1983,HARLGN,Harlingen
1984,HARLGN,Harlingen
1985,HARLGN,Harlingen
1986,HARLGN,Harlingen
1987,HARLGN,Harlingen
1988,HARLGN,Harlingen
1989,HARLGN,Harlingen
1990,HARLGN,Harlingen
1991,HARLGN,Harlingen
1992,HARLGN,Harlingen
1993,HARLGN,Harlingen
1994,HARLGN,Harlingen
1995,HARLGN,Harlingen
1996,HARLGN,Harlingen
1997,HARLGN,Harlingen
1998,HARLGN,Harlingen
1999,HARLGN,Harlingen
2000,HARLGN,Harlingen
2001,HARLGN,Harlingen
2002,HARLGN,Harlingen
2003,HARLGN,Harlingen
2004,HARLGN,Harlingen
2005,HARLGN,Harlingen
2006,HARLGN,Harlingen
2007,HARLGN,Harlingen
2008,HARLGN,Harlingen
2009,HARLGN,Harlingen
2010,HARLGN,Harlingen
2011,HARLGN,Harlingen
2012,HARLGN,Harlingen
2013,HARLGN,Harlingen
2014,HARLGN,Harlingen
2015,HARLGN,Harlingen
2016,HARLGN,Harlingen
2017,HARLGN,Harlingen
2018,HARLGN,Harlingen
2019,HARLGN,Harlingen
2020,HARLGN,Harlingen
2021,HARLGN,Harlingen
2022,HARLGN,Harlingen
2023,HARLGN,Harlingen
1982,HARVT10,Haringvliet 10
1983,HARVT10,Haringvliet 10
1984,HARVT10,Haringvliet 10
1985,HARVT10,Haringvliet 10
1986,HARVT10,Haringvliet 10
1988,HARVT10,Haringvliet 10
1989,HARVT10,Haringvliet 10
1990,HARVT10,Haringvliet 10
1992,HARVT10,Haringvliet 10
1993,HARVT10,Haringvliet 10
1994,HARVT10,Haringvliet 10
1995,HARVT10,Haringvliet 10
1996,HARVT10,Haringvliet 10
1997,HARVT10,Haringvliet 10
1998,HARVT10,Haringvliet 10
1999,HARVT10,Haringvliet 10
2000,HARVT10,Haringvliet 10
2001,HARVT10,Haringvliet 10
2002,HARVT10,Haringvliet 10
2003,HARVT10,Haringvliet 10
2004,HARVT10,Haringvliet 10
2005,HARVT10,Haringvliet 10
2006,HARVT10,Haringvliet 10
2007,HARVT10,Haringvliet 10
2008,HARVT10,Haringvliet 10
2009,HARVT10,Haringvliet 10
2010,HARVT10,Haringvliet 10
2011,HARVT10,Haringvliet 10
2012,HARVT10,Haringvliet 10
2013,HARVT10,Haringvliet 10
2014,HARVT10,Haringvliet 10
2015,HARVT10,Haringvliet 10
2016,HARVT10,Haringvliet 10
2017,HARVT10,Haringvliet 10
2018,HARVT10,Haringvliet 10
2019,HARVT10,Haringvliet 10
2020,HARVT10,Haringvliet 10
2021,HARVT10,Haringvliet 10
2022,HARVT10,Haringvliet 10
2023,HARVT10,Haringvliet 10
2024,HKWA,Hollandse Kust West Alpha
2024,HKZA,Platform HKZA
2024,HOEK,Hoek van Holland
1900,HOEKVHLD,Hoek van Holland
1901,HOEKVHLD,Hoek van Holland
1902,HOEKVHLD,Hoek van Holland
1903,HOEKVHLD,Hoek van Holland
1904,HOEKVHLD,Hoek van Holland
1905,HOEKVHLD,Hoek van Holland
1924,HOEKVHLD,Hoek van Holland
1925,HOEKVHLD,Hoek van Holland
1926,HOEKVHLD,Hoek van Holland
1927,HOEKVHLD,Hoek van Holland
1928,HOEKVHLD,Hoek van Holland
1929,HOEKVHLD,Hoek van Holland
1950,HOEKVHLD,Hoek van Holland
1951,HOEKVHLD,Hoek van Holland
1952,HOEKVHLD,Hoek van Holland
1953,HOEKVHLD,Hoek van Holland
1954,HOEKVHLD,Hoek van Holland
1955,HOEKVHLD,Hoek van Holland
1956,HOEKVHLD,Hoek van Holland
1957,HOEKVHLD,Hoek van Holland
1958,HOEKVHLD,Hoek van Holland
1959,HOEKVHLD,Hoek van Holland
1960,HOEKVHLD,Hoek van Holland
1961,HOEKVHLD,Hoek van Holland
1962,HOEKVHLD,Hoek van Holland
1963,HOEKVHLD,Hoek van Holland
1964,HOEKVHLD,Hoek van Holland
1965,HOEKVHLD,Hoek van Holland
1966,HOEKVHLD,Hoek van Holland
1967,HOEKVHLD,Hoek van Holland
1968,HOEKVHLD,Hoek van Holland
1969,HOEKVHLD,Hoek van Holland
1970,HOEKVHLD,Hoek van Holland
1971,HOEKVHLD,Hoek van Holland
1972,HOEKVHLD,Hoek van Holland
1973,HOEKVHLD,Hoek van Holland
1974,HOEKVHLD,Hoek van Holland
1975,HOEKVHLD,Hoek van Holland
1976,HOEKVHLD,Hoek van Holland
1977,HOEKVHLD,Hoek van Holland
1978,HOEKVHLD,Hoek van Holland
1979,HOEKVHLD,Hoek van Holland
1980,HOEKVHLD,Hoek van Holland
1981,HOEKVHLD,Hoek van Holland
1982,HOEKVHLD,Hoek van Holland
1983,HOEKVHLD,Hoek van Holland
1984,HOEKVHLD,Hoek van Holland
1985,HOEKVHLD,Hoek van Holland
1986,HOEKVHLD,Hoek van Holland
1987,HOEKVHLD,Hoek van Holland
1988,HOEKVHLD,Hoek van Holland
1989,HOEKVHLD,Hoek van Holland
1990,HOEKVHLD,Hoek van Holland
1991,HOEKVHLD,Hoek van Holland
1992,HOEKVHLD,Hoek van Holland
1993,HOEKVHLD,Hoek van Holland
1994,HOEKVHLD,Hoek van Holland
1995,HOEKVHLD,Hoek van Holland
1996,HOEKVHLD,Hoek van Holland
1997,HOEKVHLD,Hoek van Holland
1998,HOEKVHLD,Hoek van Holland
1999,HOEKVHLD,Hoek van Holland
2000,HOEKVHLD,Hoek van Holland
2001,HOEKVHLD,Hoek van Holland
2002,HOEKVHLD,Hoek van Holland
2003,HOEKVHLD,Hoek van Holland
2004,HOEKVHLD,Hoek van Holland
2005,HOEKVHLD,Hoek van Holland
2006,HOEKVHLD,Hoek van Holland
2007,HOEKVHLD,Hoek van Holland
2008,HOEKVHLD,Hoek van Holland
2009,HOEKVHLD,Hoek van Holland
2010,HOEKVHLD,Hoek van Holland
2011,HOEKVHLD,Hoek van Holland
2012,HOEKVHLD,Hoek van Holland
2013,HOEKVHLD,Hoek van Holland
2014,HOEKVHLD,Hoek van Holland
2015,HOEKVHLD,Hoek van Holland
2016,HOEKVHLD,Hoek van Holland
2017,HOEKVHLD,Hoek van Holland
2018,HOEKVHLD,Hoek van Holland
2019,HOEKVHLD,Hoek van Holland
2020,HOEKVHLD,Hoek van Holland
2021,HOEKVHLD,Hoek van Holland
2022,HOEKVHLD,Hoek van Holland
2023,HOEKVHLD,Hoek van Holland
2024,HOLW,Holwerd
1969,HOLWD,Holwerd
1970,HOLWD,Holwerd
1971,HOLWD,Holwerd
1972,HOLWD,Holwerd
1973,HOLWD,Holwerd
1974,HOLWD,Holwerd
1975,HOLWD,Holwerd
1976,HOLWD,Holwerd
1977,HOLWD,Holwerd
1978,HOLWD,Holwerd
1979,HOLWD,Holwerd
1980,HOLWD,Holwerd
1981,HOLWD,Holwerd
1982,HOLWD,Holwerd
1983,HOLWD,Holwerd
1984,HOLWD,Holwerd
1985,HOLWD,Holwerd
1986,HOLWD,Holwerd
1987,HOLWD,Holwerd
1988,HOLWD,Holwerd
1989,HOLWD,Holwerd
1990,HOLWD,Holwerd
1991,HOLWD,Holwerd
1992,HOLWD,Holwerd
1993,HOLWD,Holwerd
1994,HOLWD,Holwerd
1995,HOLWD,Holwerd
1996,HOLWD,Holwerd
1997,HOLWD,Holwerd
1998,HOLWD,Holwerd
1999,HOLWD,Holwerd
2012,HOLWD,Holwerd
2013,HOLWD,Holwerd
2014,HOLWD,Holwerd
2015,HOLWD,Holwerd
2016,HOLWD,Holwerd
2017,HOLWD,Holwerd
2018,HOLWD,Holwerd
2019,HOLWD,Holwerd
2020,HOLWD,Holwerd
2021,HOLWD,Holwerd
2022,HOLWD,Holwerd
2023,HOLWD,Holwerd
2024,HUIB,Huibertgat
1973,HUIBGT,Huibertgat
1974,HUIBGT,Huibertgat
1975,HUIBGT,Huibertgat
1976,HUIBGT,Huibertgat
1977,HUIBGT,Huibertgat
1978,HUIBGT,Huibertgat
1979,HUIBGT,Huibertgat
1980,HUIBGT,Huibertgat
1981,HUIBGT,Huibertgat
1982,HUIBGT,Huibertgat
1983,HUIBGT,Huibertgat
1984,HUIBGT,Huibertgat
1985,HUIBGT,Huibertgat
1986,HUIBGT,Huibertgat
1987,HUIBGT,Huibertgat
1988,HUIBGT,Huibertgat
1989,HUIBGT,Huibertgat
1990,HUIBGT,Huibertgat
1991,HUIBGT,Huibertgat
1992,HUIBGT,Huibertgat
1993,HUIBGT,Huibertgat
1994,HUIBGT,Huibertgat
1995,HUIBGT,Huibertgat
1996,HUIBGT,Huibertgat
1997,HUIBGT,Huibertgat
1998,HUIBGT,Huibertgat
1999,HUIBGT,Huibertgat
2000,HUIBGT,Huibertgat
2001,HUIBGT,Huibertgat
2002,HUIBGT,Huibertgat
2003,HUIBGT,Huibertgat
2004,HUIBGT,Huibertgat
2005,HUIBGT,Huibertgat
2006,HUIBGT,Huibertgat
2007,HUIBGT,Huibertgat
2008,HUIBGT,Huibertgat
2009,HUIBGT,Huibertgat
2010,HUIBGT,Huibertgat
2011,HUIBGT,Huibertgat
2012,HUIBGT,Huibertgat
2013,HUIBGT,Huibertgat
2014,HUIBGT,Huibertgat
2015,HUIBGT,Huibertgat
2016,HUIBGT,Huibertgat
2017,HUIBGT,Huibertgat
2018,HUIBGT,Huibertgat
2019,HUIBGT,Huibertgat
2020,HUIBGT,Huibertgat
2021,HUIBGT,Huibertgat
2022,HUIBGT,Huibertgat
2023,HUIBGT,Huibertgat
1981,IJMDBTHVN,IJmuiden
1982,IJMDBTHVN,IJmuiden
1983,IJMDBTHVN,IJmuiden
1984,IJMDBTHVN,IJmuiden
1985,IJMDBTHVN,IJmuiden
1986,IJMDBTHVN,IJmuiden
1987,IJMDBTHVN,IJmuiden
1988,IJMDBTHVN,IJmuiden
1989,IJMDBTHVN,IJmuiden
1990,IJMDBTHVN,IJmuiden
1991,IJMDBTHVN,IJmuiden
1992,IJMDBTHVN,IJmuiden
1993,IJMDBTHVN,IJmuiden
1994,IJMDBTHVN,IJmuiden
1995,IJMDBTHVN,IJmuiden
1996,IJMDBTHVN,IJmuiden
1997,IJMDBTHVN,IJmuiden
1998,IJMDBTHVN,IJmuiden
1999,IJMDBTHVN,IJmuiden
2000,IJMDBTHVN,IJmuiden
2001,IJMDBTHVN,IJmuiden
2002,IJMDBTHVN,IJmuiden
2003,IJMDBTHVN,IJmuiden
2004,IJMDBTHVN,IJmuiden
2005,IJMDBTHVN,IJmuiden
2006,IJMDBTHVN,IJmuiden
2007,IJMDBTHVN,IJmuiden
2008,IJMDBTHVN,IJmuiden
2009,IJMDBTHVN,IJmuiden
2010,IJMDBTHVN,IJmuiden
2011,IJMDBTHVN,IJmuiden
2012,IJMDBTHVN,IJmuiden
2013,IJMDBTHVN,IJmuiden
2014,IJMDBTHVN,IJmuiden
2015,IJMDBTHVN,IJmuiden
2016,IJMDBTHVN,IJmuiden
2017,IJMDBTHVN,IJmuiden
2018,IJMDBTHVN,IJmuiden
2019,IJMDBTHVN,IJmuiden
2020,IJMDBTHVN,IJmuiden
2021,IJMDBTHVN,IJmuiden
2022,IJMDBTHVN,IJmuiden
2023,IJMDBTHVN,IJmuiden
2024,J6,J6 platform
2024,K13,K13 Alpha
2024,K14,K14 platform
2012,K14PFM,K14 platform
2013,K14PFM,K14 platform
2014,K14PFM,K14 platform
2015,K14PFM,K14 platform
2016,K14PFM,K14 platform
2017,K14PFM,K14 platform
2018,K14PFM,K14 platform
2019,K14PFM,K14 platform
2020,K14PFM,K14 platform
2021,K14PFM,K14 platform
2022,K14PFM,K14 platform
2023,K14PFM,K14 platform
2024,KOBU,Kornwerderzand buiten
1950,KORNWDZBTN,Kornwerderzand buiten
1951,KORNWDZBTN,Kornwerderzand buiten
1952,KORNWDZBTN,Kornwerderzand buiten
1953,KORNWDZBTN,Kornwerderzand buiten
1954,KORNWDZBTN,Kornwerderzand buiten
1955,KORNWDZBTN,Kornwerderzand buiten
1956,KORNWDZBTN,Kornwerderzand buiten
1957,KORNWDZBTN,Kornwerderzand buiten
1958,KORNWDZBTN,Kornwerderzand buiten
1959,KORNWDZBTN,Kornwerderzand buiten
1960,KORNWDZBTN,Kornwerderzand buiten
1961,KORNWDZBTN,Kornwerderzand buiten
1962,KORNWDZBTN,Kornwerderzand buiten
1963,KORNWDZBTN,Kornwerderzand buiten
1964,KORNWDZBTN,Kornwerderzand buiten
1965,KORNWDZBTN,Kornwerderzand buiten
1966,KORNWDZBTN,Kornwerderzand buiten
1967,KORNWDZBTN,Kornwerderzand buiten
1968,KORNWDZBTN,Kornwerderzand buiten
1969,KORNWDZBTN,Kornwerderzand buiten
1970,KORNWDZBTN,Kornwerderzand buiten
1971,KORNWDZBTN,Kornwerderzand buiten
1972,KORNWDZBTN,Kornwerderzand buiten
1973,KORNWDZBTN,Kornwerderzand buiten
1974,KORNWDZBTN,Kornwerderzand buiten
1975,KORNWDZBTN,Kornwerderzand buiten
1976,KORNWDZBTN,Kornwerderzand buiten
1977,KORNWDZBTN,Kornwerderzand buiten
1978,KORNWDZBTN,Kornwerderzand buiten
1979,KORNWDZBTN,Kornwerderzand buiten
1980,KORNWDZBTN,Kornwerderzand buiten
1981,KORNWDZBTN,Kornwerderzand buiten
1982,KORNWDZBTN,Kornwerderzand buiten
1983,KORNWDZBTN,Kornwerderzand buiten
1984,KORNWDZBTN,Kornwerderzand buiten
1985,KORNWDZBTN,Kornwerderzand buiten
1986,KORNWDZBTN,Kornwerderzand buiten
1987,KORNWDZBTN,Kornwerderzand buiten
1988,KORNWDZBTN,Kornwerderzand buiten
1989,KORNWDZBTN,Kornwerderzand buiten
1990,KORNWDZBTN,Kornwerderzand buiten
1991,KORNWDZBTN,Kornwerderzand buiten
1992,KORNWDZBTN,Kornwerderzand buiten
1993,KORNWDZBTN,Kornwerderzand buiten
1994,KORNWDZBTN,Kornwerderzand buiten
1995,KORNWDZBTN,Kornwerderzand buiten
1996,KORNWDZBTN,Kornwerderzand buiten
1997,KORNWDZBTN,Kornwerderzand buiten
1998,KORNWDZBTN,Kornwerderzand buiten
1999,KORNWDZBTN,Kornwerderzand buiten
2000,KORNWDZBTN,Kornwerderzand buiten
2001,KORNWDZBTN,Kornwerderzand buiten
2002,KORNWDZBTN,Kornwerderzand buiten
2003,KORNWDZBTN,Kornwerderzand buiten
2004,KORNWDZBTN,Kornwerderzand buiten
2005,KORNWDZBTN,Kornwerderzand buiten
2006,KORNWDZBTN,Kornwerderzand buiten
2007,KORNWDZBTN,Kornwerderzand buiten
2008,KORNWDZBTN,Kornwerderzand buiten
2009,KORNWDZBTN,Kornwerderzand buiten
2010,KORNWDZBTN,Kornwerderzand buiten
2011,KORNWDZBTN,Kornwerderzand buiten
2012,KORNWDZBTN,Kornwerderzand buiten
2013,KORNWDZBTN,Kornwerderzand buiten
2014,KORNWDZBTN,Kornwerderzand buiten
2015,KORNWDZBTN,Kornwerderzand buiten
2016,KORNWDZBTN,Kornwerderzand buiten
2017,KORNWDZBTN,Kornwerderzand buiten
2018,KORNWDZBTN,Kornwerderzand buiten
2019,KORNWDZBTN,Kornwerderzand buiten
2020,KORNWDZBTN,Kornwerderzand buiten
2021,KORNWDZBTN,Kornwerderzand buiten
2022,KORNWDZBTN,Kornwerderzand buiten
2023,KORNWDZBTN,Kornwerderzand buiten
2024,L9,L9 platform
2012,L9PFM,L9 platform
2013,L9PFM,L9 platform
2014,L9PFM,L9 platform
2015,L9PFM,L9 platform
2016,L9PFM,L9 platform
2017,L9PFM,L9 platform
2018,L9PFM,L9 platform
2019,L9PFM,L9 platform
2020,L9PFM,L9 platform
2021,L9PFM,L9 platform
2022,L9PFM,L9 platform
2023,L9PFM,L9 platform
2024,LAUW,Lauwersoog
1969,LAUWOG,Lauwersoog
1970,LAUWOG,Lauwersoog
1971,LAUWOG,Lauwersoog
1972,LAUWOG,Lauwersoog
1973,LAUWOG,Lauwersoog
1974,LAUWOG,Lauwersoog
1975,LAUWOG,Lauwersoog
1976,LAUWOG,Lauwersoog
1977,LAUWOG,Lauwersoog
1978,LAUWOG,Lauwersoog
1979,LAUWOG,Lauwersoog
1980,LAUWOG,Lauwersoog
1981,LAUWOG,Lauwersoog
1982,LAUWOG,Lauwersoog
1983,LAUWOG,Lauwersoog
1984,LAUWOG,Lauwersoog
1985,LAUWOG,Lauwersoog
1986,LAUWOG,Lauwersoog
1987,LAUWOG,Lauwersoog
1988,LAUWOG,Lauwersoog
1989,LAUWOG,Lauwersoog
1990,LAUWOG,Lauwersoog
1991,LAUWOG,Lauwersoog
1992,LAUWOG,Lauwersoog
1993,LAUWOG,Lauwersoog
1994,LAUWOG,Lauwersoog
1995,LAUWOG,Lauwersoog
1996,LAUWOG,Lauwersoog
1997,LAUWOG,Lauwersoog
1998,LAUWOG,Lauwersoog
1999,LAUWOG,Lauwersoog
2000,LAUWOG,Lauwersoog
2001,LAUWOG,Lauwersoog
2002,LAUWOG,Lauwersoog
2003,LAUWOG,Lauwersoog
2004,LAUWOG,Lauwersoog
2005,LAUWOG,Lauwersoog
2006,LAUWOG,Lauwersoog
2007,LAUWOG,Lauwersoog
2008,LAUWOG,Lauwersoog
2009,LAUWOG,Lauwersoog
2010,LAUWOG,Lauwersoog
2011,LAUWOG,Lauwersoog
2012,LAUWOG,Lauwersoog
2013,LAUWOG,Lauwersoog
2014,LAUWOG,Lauwersoog
2015,LAUWOG,Lauwersoog
2016,LAUWOG,Lauwersoog
2017,LAUWOG,Lauwersoog
2018,LAUWOG,Lauwersoog
2019,LAUWOG,Lauwersoog
2020,LAUWOG,Lauwersoog
2021,LAUWOG,Lauwersoog
2022,LAUWOG,Lauwersoog
2023,LAUWOG,Lauwersoog
2024,LEG,Lichteiland Goeree
1983,LICHTELGRE,Lichteiland Goeree
1984,LICHTELGRE,Lichteiland Goeree
1985,LICHTELGRE,Lichteiland Goeree
1986,LICHTELGRE,Lichteiland Goeree
1987,LICHTELGRE,Lichteiland Goeree
1988,LICHTELGRE,Lichteiland Goeree
1989,LICHTELGRE,Lichteiland Goeree
1990,LICHTELGRE,Lichteiland Goeree
1991,LICHTELGRE,Lichteiland Goeree
1992,LICHTELGRE,Lichteiland Goeree
1993,LICHTELGRE,Lichteiland Goeree
1994,LICHTELGRE,Lichteiland Goeree
1995,LICHTELGRE,Lichteiland Goeree
1996,LICHTELGRE,Lichteiland Goeree
1997,LICHTELGRE,Lichteiland Goeree
1998,LICHTELGRE,Lichteiland Goeree
1999,LICHTELGRE,Lichteiland Goeree
2000,LICHTELGRE,Lichteiland Goeree
2001,LICHTELGRE,Lichteiland Goeree
2002,LICHTELGRE,Lichteiland Goeree
2003,LICHTELGRE,Lichteiland Goeree
2004,LICHTELGRE,Lichteiland Goeree
2005,LICHTELGRE,Lichteiland Goeree
2006,LICHTELGRE,Lichteiland Goeree
2007,LICHTELGRE,Lichteiland Goeree
2008,LICHTELGRE,Lichteiland Goeree
2009,LICHTELGRE,Lichteiland Goeree
2010,LICHTELGRE,Lichteiland Goeree
2011,LICHTELGRE,Lichteiland Goeree
2012,LICHTELGRE,Lichteiland Goeree
2013,LICHTELGRE,Lichteiland Goeree
2014,LICHTELGRE,Lichteiland Goeree
2015,LICHTELGRE,Lichteiland Goeree
2016,LICHTELGRE,Lichteiland Goeree
2017,LICHTELGRE,Lichteiland Goeree
2018,LICHTELGRE,Lichteiland Goeree
2019,LICHTELGRE,Lichteiland Goeree
2020,LICHTELGRE,Lichteiland Goeree
2021,LICHTELGRE,Lichteiland Goeree
2022,LICHTELGRE,Lichteiland Goeree
2023,LICHTELGRE,Lichteiland Goeree
2024,MAAS,Maassluis
1900,MAASSS,Maassluis
1901,MAASSS,Maassluis
1902,MAASSS,Maassluis
1903,MAASSS,Maassluis
1904,MAASSS,Maassluis
1905,MAASSS,Maassluis
1924,MAASSS,Maassluis
1925,MAASSS,Maassluis
1926,MAASSS,Maassluis
1927,MAASSS,Maassluis
1928,MAASSS,Maassluis
1929,MAASSS,Maassluis
1950,MAASSS,Maassluis
1951,MAASSS,Maassluis
1952,MAASSS,Maassluis
1953,MAASSS,Maassluis
1954,MAASSS,Maassluis
1955,MAASSS,Maassluis
1956,MAASSS,Maassluis
1957,MAASSS,Maassluis
1958,MAASSS,Maassluis
1959,MAASSS,Maassluis
1960,MAASSS,Maassluis
1961,MAASSS,Maassluis
1962,MAASSS,Maassluis
1963,MAASSS,Maassluis
1964,MAASSS,Maassluis
1965,MAASSS,Maassluis
1966,MAASSS,Maassluis
1967,MAASSS,Maassluis
1968,MAASSS,Maassluis
1969,MAASSS,Maassluis
1970,MAASSS,Maassluis
1971,MAASSS,Maassluis
1972,MAASSS,Maassluis
1973,MAASSS,Maassluis
1974,MAASSS,Maassluis
1975,MAASSS,Maassluis
1976,MAASSS,Maassluis
1977,MAASSS,Maassluis
1978,MAASSS,Maassluis
1979,MAASSS,Maassluis
1980,MAASSS,Maassluis
1981,MAASSS,Maassluis
1982,MAASSS,Maassluis
1983,MAASSS,Maassluis
1984,MAASSS,Maassluis
1985,MAASSS,Maassluis
1986,MAASSS,Maassluis
1987,MAASSS,Maassluis
1988,MAASSS,Maassluis
1989,MAASSS,Maassluis
1990,MAASSS,Maassluis
1991,MAASSS,Maassluis
1992,MAASSS,Maassluis
1993,MAASSS,Maassluis
1994,MAASSS,Maassluis
1995,MAASSS,Maassluis
1996,MAASSS,Maassluis
1997,MAASSS,Maassluis
1998,MAASSS,Maassluis
1999,MAASSS,Maassluis
2000,MAASSS,Maassluis
2001,MAASSS,Maassluis
2002,MAASSS,Maassluis
2003,MAASSS,Maassluis
2004,MAASSS,Maassluis
2005,MAASSS,Maassluis
2006,MAASSS,Maassluis
2007,MAASSS,Maassluis
2008,MAASSS,Maassluis
2009,MAASSS,Maassluis
2010,MAASSS,Maassluis
2011,MAASSS,Maassluis
2012,MAASSS,Maassluis
2013,MAASSS,Maassluis
2014,MAASSS,Maassluis
2015,MAASSS,Maassluis
2016,MAASSS,Maassluis
2017,MAASSS,Maassluis
2018,MAASSS,Maassluis
2019,MAASSS,Maassluis
2020,MAASSS,Maassluis
2021,MAASSS,Maassluis
2022,MAASSS,Maassluis
2023,MAASSS,Maassluis
1962,NES,Nes
1963,NES,Nes
1964,NES,Nes
1965,NES,Nes
1966,NES,Nes
1967,NES,Nes
1968,NES,Nes
1969,NES,Nes
1970,NES,Nes
1971,NES,Nes
1972,NES,Nes
1973,NES,Nes
1974,NES,Nes
1975,NES,Nes
1976,NES,Nes
1977,NES,Nes
1978,NES,Nes
1979,NES,Nes
1980,NES,Nes
1981,NES,Nes
1982,NES,Nes
1983,NES,Nes
1984,NES,Nes
1985,NES,Nes
1986,NES,Nes
1987,NES,Nes
1988,NES,Nes
1989,NES,Nes
1990,NES,Nes
1991,NES,Nes
1992,NES,Nes
1993,NES,Nes
1994,NES,Nes
1995,NES,Nes
1996,NES,Nes
1997,NES,Nes
1998,NES,Nes
1999,NES,Nes
2000,NES,Nes
2001,NES,Nes
2002,NES,Nes
2003,NES,Nes
2004,NES,Nes
2005,NES,Nes
2006,NES,Nes
2007,NES,Nes
2008,NES,Nes
2009,NES,Nes
2010,NES,Nes
2011,NES,Nes
2012,NES,Nes
2013,NES,Nes
2014,NES,Nes
2015,NES,Nes
2016,NES,Nes
2017,NES,Nes
2018,NES,Nes
2019,NES,Nes
2020,NES,Nes
2021,NES,Nes
2022,NES,Nes
2023,NES,Nes
2024,NES,Nes
1900,NIEUWSTZL,Nieuwe Statenzijl
1901,NIEUWSTZL,Nieuwe Statenzijl
1902,NIEUWSTZL,Nieuwe Statenzijl
1903,NIEUWSTZL,Nieuwe Statenzijl
1904,NIEUWSTZL,Nieuwe Statenzijl
1905,NIEUWSTZL,Nieuwe Statenzijl
1924,NIEUWSTZL,Nieuwe Statenzijl
1925,NIEUWSTZL,Nieuwe Statenzijl
1926,NIEUWSTZL,Nieuwe Statenzijl
1927,NIEUWSTZL,Nieuwe Statenzijl
1928,NIEUWSTZL,Nieuwe Statenzijl
1929,NIEUWSTZL,Nieuwe Statenzijl
1950,NIEUWSTZL,Nieuwe Statenzijl
1951,NIEUWSTZL,Nieuwe Statenzijl
1952,NIEUWSTZL,Nieuwe Statenzijl
1953,NIEUWSTZL,Nieuwe Statenzijl
1954,NIEUWSTZL,Nieuwe Statenzijl
1955,NIEUWSTZL,Nieuwe Statenzijl
1956,NIEUWSTZL,Nieuwe Statenzijl
1957,NIEUWSTZL,Nieuwe Statenzijl
1958,NIEUWSTZL,Nieuwe Statenzijl
1959,NIEUWSTZL,Nieuwe Statenzijl
1960,NIEUWSTZL,Nieuwe Statenzijl
1961,NIEUWSTZL,Nieuwe Statenzijl
1962,NIEUWSTZL,Nieuwe Statenzijl
1963,NIEUWSTZL,Nieuwe Statenzijl
1964,NIEUWSTZL,Nieuwe Statenzijl
1965,NIEUWSTZL,Nieuwe Statenzijl
1966,NIEUWSTZL,Nieuwe Statenzijl
1967,NIEUWSTZL,Nieuwe Statenzijl
1968,NIEUWSTZL,Nieuwe Statenzijl
1969,NIEUWSTZL,Nieuwe Statenzijl
1970,NIEUWSTZL,Nieuwe Statenzijl
1971,NIEUWSTZL,Nieuwe Statenzijl
1972,NIEUWSTZL,Nieuwe Statenzijl
1973,NIEUWSTZL,Nieuwe Statenzijl
1974,NIEUWSTZL,Nieuwe Statenzijl
1975,NIEUWSTZL,Nieuwe Statenzijl
1976,NIEUWSTZL,Nieuwe Statenzijl
1977,NIEUWSTZL,Nieuwe Statenzijl
1978,NIEUWSTZL,Nieuwe Statenzijl
1979,NIEUWSTZL,Nieuwe Statenzijl
1980,NIEUWSTZL,Nieuwe Statenzijl
1981,NIEUWSTZL,Nieuwe Statenzijl
1982,NIEUWSTZL,Nieuwe Statenzijl
1983,NIEUWSTZL,Nieuwe Statenzijl
1984,NIEUWSTZL,Nieuwe Statenzijl
1985,NIEUWSTZL,Nieuwe Statenzijl
1986,NIEUWSTZL,Nieuwe Statenzijl
1987,NIEUWSTZL,Nieuwe Statenzijl
1988,NIEUWSTZL,Nieuwe Statenzijl
1989,NIEUWSTZL,Nieuwe Statenzijl
1990,NIEUWSTZL,Nieuwe Statenzijl
1991,NIEUWSTZL,Nieuwe Statenzijl
1992,NIEUWSTZL,Nieuwe Statenzijl
1993,NIEUWSTZL,Nieuwe Statenzijl
1994,NIEUWSTZL,Nieuwe Statenzijl
1995,NIEUWSTZL,Nieuwe Statenzijl
1996,NIEUWSTZL,Nieuwe Statenzijl
1997,NIEUWSTZL,Nieuwe Statenzijl
1998,NIEUWSTZL,Nieuwe Statenzijl
1999,NIEUWSTZL,Nieuwe Statenzijl
2000,NIEUWSTZL,Nieuwe Statenzijl
2001,NIEUWSTZL,Nieuwe Statenzijl
2002,NIEUWSTZL,Nieuwe Statenzijl
2003,NIEUWSTZL,Nieuwe Statenzijl
2004,NIEUWSTZL,Nieuwe Statenzijl
2005,NIEUWSTZL,Nieuwe Statenzijl
2006,NIEUWSTZL,Nieuwe Statenzijl
2007,NIEUWSTZL,Nieuwe Statenzijl
2008,NIEUWSTZL,Nieuwe Statenzijl
2009,NIEUWSTZL,Nieuwe Statenzijl
2010,NIEUWSTZL,Nieuwe Statenzijl
2011,NIEUWSTZL,Nieuwe Statenzijl
2012,NIEUWSTZL,Nieuwe Statenzijl
2013,NIEUWSTZL,Nieuwe Statenzijl
2014,NIEUWSTZL,Nieuwe Statenzijl
2015,NIEUWSTZL,Nieuwe Statenzijl
2016,NIEUWSTZL,Nieuwe Statenzijl
2017,NIEUWSTZL,Nieuwe Statenzijl
2018,NIEUWSTZL,Nieuwe Statenzijl
2019,NIEUWSTZL,Nieuwe Statenzijl
2020,NIEUWSTZL,Nieuwe Statenzijl
2021,NIEUWSTZL,Nieuwe Statenzijl
2022,NIEUWSTZL,Nieuwe Statenzijl
2023,NIEUWSTZL,Nieuwe Statenzijl
2024,NWST,Nieuwe Statenzijl
2024,OEBU,Den Oever buiten
1982,OOSTSDE11,Oosterschelde 11
1983,OOSTSDE11,Oosterschelde 11
1984,OOSTSDE11,Oosterschelde 11
1985,OOSTSDE11,Oosterschelde 11
1986,OOSTSDE11,Oosterschelde 11
1987,OOSTSDE11,Oosterschelde 11
1988,OOSTSDE11,Oosterschelde 11
1989,OOSTSDE11,Oosterschelde 11
1990,OOSTSDE11,Oosterschelde 11
1991,OOSTSDE11,Oosterschelde 11
1992,OOSTSDE11,Oosterschelde 11
1993,OOSTSDE11,Oosterschelde 11
1994,OOSTSDE11,Oosterschelde 11
1995,OOSTSDE11,Oosterschelde 11
1996,OOSTSDE11,Oosterschelde 11
1997,OOSTSDE11,Oosterschelde 11
1998,OOSTSDE11,Oosterschelde 11
1999,OOSTSDE11,Oosterschelde 11
2000,OOSTSDE11,Oosterschelde 11
2001,OOSTSDE11,Oosterschelde 11
2002,OOSTSDE11,Oosterschelde 11
2003,OOSTSDE11,Oosterschelde 11
2004,OOSTSDE11,Oosterschelde 11
2005,OOSTSDE11,Oosterschelde 11
2006,OOSTSDE11,Oosterschelde 11
2007,OOSTSDE11,Oosterschelde 11
2008,OOSTSDE11,Oosterschelde 11
2009,OOSTSDE11,Oosterschelde 11
2010,OOSTSDE11,Oosterschelde 11
2011,OOSTSDE11,Oosterschelde 11
2012,OOSTSDE11,Oosterschelde 11
2013,OOSTSDE11,Oosterschelde 11
2014,OOSTSDE11,Oosterschelde 11
2015,OOSTSDE11,Oosterschelde 11
2016,OOSTSDE11,Oosterschelde 11
2017,OOSTSDE11,Oosterschelde 11
2018,OOSTSDE11,Oosterschelde 11
2019,OOSTSDE11,Oosterschelde 11
2020,OOSTSDE11,Oosterschelde 11
2021,OOSTSDE11,Oosterschelde 11
2022,OOSTSDE11,Oosterschelde 11
1982,OOSTSDE14,Oosterschelde 14
1983,OOSTSDE14,Oosterschelde 14
1984,OOSTSDE14,Oosterschelde 14
1985,OOSTSDE14,Oosterschelde 14
1986,OOSTSDE14,Oosterschelde 14
1987,OOSTSDE14,Oosterschelde 14
1988,OOSTSDE14,Oosterschelde 14
1989,OOSTSDE14,Oosterschelde 14
1990,OOSTSDE14,Oosterschelde 14
1991,OOSTSDE14,Oosterschelde 14
1992,OOSTSDE14,Oosterschelde 14
1993,OOSTSDE14,Oosterschelde 14
1994,OOSTSDE14,Oosterschelde 14
1995,OOSTSDE14,Oosterschelde 14
1996,OOSTSDE14,Oosterschelde 14
1997,OOSTSDE14,Oosterschelde 14
1998,OOSTSDE14,Oosterschelde 14
1999,OOSTSDE14,Oosterschelde 14
2000,OOSTSDE14,Oosterschelde 14
2001,OOSTSDE14,Oosterschelde 14
2002,OOSTSDE14,Oosterschelde 14
2003,OOSTSDE14,Oosterschelde 14
2004,OOSTSDE14,Oosterschelde 14
2005,OOSTSDE14,Oosterschelde 14
2006,OOSTSDE14,Oosterschelde 14
2007,OOSTSDE14,Oosterschelde 14
2008,OOSTSDE14,Oosterschelde 14
2009,OOSTSDE14,Oosterschelde 14
2010,OOSTSDE14,Oosterschelde 14
2011,OOSTSDE14,Oosterschelde 14
2012,OOSTSDE14,Oosterschelde 14
2013,OOSTSDE14,Oosterschelde 14
2014,OOSTSDE14,Oosterschelde 14
2015,OOSTSDE14,Oosterschelde 14
2016,OOSTSDE14,Oosterschelde 14
2017,OOSTSDE14,Oosterschelde 14
2018,OOSTSDE14,Oosterschelde 14
2019,OOSTSDE14,Oosterschelde 14
2020,OOSTSDE14,Oosterschelde 14
2021,OOSTSDE14,Oosterschelde 14
2022,OOSTSDE14,Oosterschelde 14
2023,OOSTSDE14,Oosterschelde 14
2024,OS11,Oosterschelde 11
2024,OS14,Oosterschelde 14
2024,OS4,Oosterschelde 4
2024,OUDE,Oudeschild
1950,OUDSD,Oudeschild
1951,OUDSD,Oudeschild
1952,OUDSD,Oudeschild
1953,OUDSD,Oudeschild
1954,OUDSD,Oudeschild
1955,OUDSD,Oudeschild
1956,OUDSD,Oudeschild
1957,OUDSD,Oudeschild
1958,OUDSD,Oudeschild
1959,OUDSD,Oudeschild
1960,OUDSD,Oudeschild
1961,OUDSD,Oudeschild
1962,OUDSD,Oudeschild
1963,OUDSD,Oudeschild
1964,OUDSD,Oudeschild
1965,OUDSD,Oudeschild
1966,OUDSD,Oudeschild
1967,OUDSD,Oudeschild
1968,OUDSD,Oudeschild
1969,OUDSD,Oudeschild
1970,OUDSD,Oudeschild
1971,OUDSD,Oudeschild
1972,OUDSD,Oudeschild
1973,OUDSD,Oudeschild
1974,OUDSD,Oudeschild
1975,OUDSD,Oudeschild
1976,OUDSD,Oudeschild
1977,OUDSD,Oudeschild
1978,OUDSD,Oudeschild
1979,OUDSD,Oudeschild
1980,OUDSD,Oudeschild
1981,OUDSD,Oudeschild
1982,OUDSD,Oudeschild
1983,OUDSD,Oudeschild
1984,OUDSD,Oudeschild
1985,OUDSD,Oudeschild
1986,OUDSD,Oudeschild
1987,OUDSD,Oudeschild
1988,OUDSD,Oudeschild
1989,OUDSD,Oudeschild
1990,OUDSD,Oudeschild
1991,OUDSD,Oudeschild
1992,OUDSD,Oudeschild
1993,OUDSD,Oudeschild
1994,OUDSD,Oudeschild
1995,OUDSD,Oudeschild
1996,OUDSD,Oudeschild
1997,OUDSD,Oudeschild
1998,OUDSD,Oudeschild
1999,OUDSD,Oudeschild
2000,OUDSD,Oudeschild
2001,OUDSD,Oudeschild
2002,OUDSD,Oudeschild
2003,OUDSD,Oudeschild
2004,OUDSD,Oudeschild
2005,OUDSD,Oudeschild
2006,OUDSD,Oudeschild
2007,OUDSD,Oudeschild
2008,OUDSD,Oudeschild
2009,OUDSD,Oudeschild
2010,OUDSD,Oudeschild
2011,OUDSD,Oudeschild
2012,OUDSD,Oudeschild
2013,OUDSD,Oudeschild
2014,OUDSD,Oudeschild
2015,OUDSD,Oudeschild
2016,OUDSD,Oudeschild
2017,OUDSD,Oudeschild
2018,OUDSD,Oudeschild
2019,OUDSD,Oudeschild
2020,OUDSD,Oudeschild
2021,OUDSD,Oudeschild
2022,OUDSD,Oudeschild
2023,OUDSD,Oudeschild
2024,RPSL,Roompotsluis (SVKO)
2024,SCHE,Scheveningen
1900,SCHEVNGN,Scheveningen
1901,SCHEVNGN,Scheveningen
1902,SCHEVNGN,Scheveningen
1903,SCHEVNGN,Scheveningen
1904,SCHEVNGN,Scheveningen
1905,SCHEVNGN,Scheveningen
1924,SCHEVNGN,Scheveningen
1925,SCHEVNGN,Scheveningen
1926,SCHEVNGN,Scheveningen
1927,SCHEVNGN,Scheveningen
1928,SCHEVNGN,Scheveningen
1929,SCHEVNGN,Scheveningen
1930,SCHEVNGN,Scheveningen
1953,SCHEVNGN,Scheveningen
1954,SCHEVNGN,Scheveningen
1961,SCHEVNGN,Scheveningen
1962,SCHEVNGN,Scheveningen
1963,SCHEVNGN,Scheveningen
1964,SCHEVNGN,Scheveningen
1965,SCHEVNGN,Scheveningen
1966,SCHEVNGN,Scheveningen
1967,SCHEVNGN,Scheveningen
1968,SCHEVNGN,Scheveningen
1969,SCHEVNGN,Scheveningen
1970,SCHEVNGN,Scheveningen
1971,SCHEVNGN,Scheveningen
1972,SCHEVNGN,Scheveningen
1973,SCHEVNGN,Scheveningen
1974,SCHEVNGN,Scheveningen
1975,SCHEVNGN,Scheveningen
1976,SCHEVNGN,Scheveningen
1977,SCHEVNGN,Scheveningen
1978,SCHEVNGN,Scheveningen
1979,SCHEVNGN,Scheveningen
1980,SCHEVNGN,Scheveningen
1981,SCHEVNGN,Scheveningen
1982,SCHEVNGN,Scheveningen
1983,SCHEVNGN,Scheveningen
1984,SCHEVNGN,Scheveningen
1985,SCHEVNGN,Scheveningen
1986,SCHEVNGN,Scheveningen
1987,SCHEVNGN,Scheveningen
1988,SCHEVNGN,Scheveningen
1989,SCHEVNGN,Scheveningen
1990,SCHEVNGN,Scheveningen
1991,SCHEVNGN,Scheveningen
1992,SCHEVNGN,Scheveningen
1993,SCHEVNGN,Scheveningen
1994,SCHEVNGN,Scheveningen
1995,SCHEVNGN,Scheveningen
1996,SCHEVNGN,Scheveningen
1997,SCHEVNGN,Scheveningen
1998,SCHEVNGN,Scheveningen
1999,SCHEVNGN,Scheveningen
2000,SCHEVNGN,Scheveningen
2001,SCHEVNGN,Scheveningen
2002,SCHEVNGN,Scheveningen
2003,SCHEVNGN,Scheveningen
2004,SCHEVNGN,Scheveningen
2005,SCHEVNGN,Scheveningen
2006,SCHEVNGN,Scheveningen
2007,SCHEVNGN,Scheveningen
2008,SCHEVNGN,Scheveningen
2009,SCHEVNGN,Scheveningen
2010,SCHEVNGN,Scheveningen
2011,SCHEVNGN,Scheveningen
2012,SCHEVNGN,Scheveningen
2013,SCHEVNGN,Scheveningen
2014,SCHEVNGN,Scheveningen
2015,SCHEVNGN,Scheveningen
2016,SCHEVNGN,Scheveningen
2017,SCHEVNGN,Scheveningen
2018,SCHEVNGN,Scheveningen
2019,SCHEVNGN,Scheveningen
2020,SCHEVNGN,Scheveningen
2021,SCHEVNGN,Scheveningen
2022,SCHEVNGN,Scheveningen
2023,SCHEVNGN,Scheveningen
2024,SCHI,Schiermonnikoog
1965,SCHIERMNOG,Schiermonnikoog
1966,SCHIERMNOG,Schiermonnikoog
1967,SCHIERMNOG,Schiermonnikoog
1968,SCHIERMNOG,Schiermonnikoog
1969,SCHIERMNOG,Schiermonnikoog
1970,SCHIERMNOG,Schiermonnikoog
1971,SCHIERMNOG,Schiermonnikoog
1972,SCHIERMNOG,Schiermonnikoog
1973,SCHIERMNOG,Schiermonnikoog
1974,SCHIERMNOG,Schiermonnikoog
1975,SCHIERMNOG,Schiermonnikoog
1976,SCHIERMNOG,Schiermonnikoog
1977,SCHIERMNOG,Schiermonnikoog
1978,SCHIERMNOG,Schiermonnikoog
1979,SCHIERMNOG,Schiermonnikoog
1980,SCHIERMNOG,Schiermonnikoog
1981,SCHIERMNOG,Schiermonnikoog
1982,SCHIERMNOG,Schiermonnikoog
1983,SCHIERMNOG,Schiermonnikoog
1984,SCHIERMNOG,Schiermonnikoog
1985,SCHIERMNOG,Schiermonnikoog
1986,SCHIERMNOG,Schiermonnikoog
1987,SCHIERMNOG,Schiermonnikoog
1988,SCHIERMNOG,Schiermonnikoog
1989,SCHIERMNOG,Schiermonnikoog
1990,SCHIERMNOG,Schiermonnikoog
1991,SCHIERMNOG,Schiermonnikoog
1992,SCHIERMNOG,Schiermonnikoog
1993,SCHIERMNOG,Schiermonnikoog
1994,SCHIERMNOG,Schiermonnikoog
1995,SCHIERMNOG,Schiermonnikoog
1996,SCHIERMNOG,Schiermonnikoog
1997,SCHIERMNOG,Schiermonnikoog
1998,SCHIERMNOG,Schiermonnikoog
1999,SCHIERMNOG,Schiermonnikoog
2000,SCHIERMNOG,Schiermonnikoog
2001,SCHIERMNOG,Schiermonnikoog
2002,SCHIERMNOG,Schiermonnikoog
2003,SCHIERMNOG,Schiermonnikoog
2004,SCHIERMNOG,Schiermonnikoog
2005,SCHIERMNOG,Schiermonnikoog
2006,SCHIERMNOG,Schiermonnikoog
2007,SCHIERMNOG,Schiermonnikoog
2008,SCHIERMNOG,Schiermonnikoog
2009,SCHIERMNOG,Schiermonnikoog
2010,SCHIERMNOG,Schiermonnikoog
2011,SCHIERMNOG,Schiermonnikoog
2012,SCHIERMNOG,Schiermonnikoog
2013,SCHIERMNOG,Schiermonnikoog
2014,SCHIERMNOG,Schiermonnikoog
2015,SCHIERMNOG,Schiermonnikoog
2016,SCHIERMNOG,Schiermonnikoog
2017,SCHIERMNOG,Schiermonnikoog
2018,SCHIERMNOG,Schiermonnikoog
2019,SCHIERMNOG,Schiermonnikoog
2020,SCHIERMNOG,Schiermonnikoog
2021,SCHIERMNOG,Schiermonnikoog
2022,SCHIERMNOG,Schiermonnikoog
2023,SCHIERMNOG,Schiermonnikoog
2024,SPE,Stroommeetpaal Eemshaven
2024,STEL,Stellendam buiten
1984,STELLDBTN,Stellendam buiten
1985,STELLDBTN,Stellendam buiten
1986,STELLDBTN,Stellendam buiten
1987,STELLDBTN,Stellendam buiten
1988,STELLDBTN,Stellendam buiten
1989,STELLDBTN,Stellendam buiten
1990,STELLDBTN,Stellendam buiten
1991,STELLDBTN,Stellendam buiten
1992,STELLDBTN,Stellendam buiten
1993,STELLDBTN,Stellendam buiten
1994,STELLDBTN,Stellendam buiten
1995,STELLDBTN,Stellendam buiten
1996,STELLDBTN,Stellendam buiten
1997,STELLDBTN,Stellendam buiten
1998,STELLDBTN,Stellendam buiten
1999,STELLDBTN,Stellendam buiten
2000,STELLDBTN,Stellendam buiten
2001,STELLDBTN,Stellendam buiten
2002,STELLDBTN,Stellendam buiten
2003,STELLDBTN,Stellendam buiten
2004,STELLDBTN,Stellendam buiten
2005,STELLDBTN,Stellendam buiten
2006,STELLDBTN,Stellendam buiten
2007,STELLDBTN,Stellendam buiten
2008,STELLDBTN,Stellendam buiten
2009,STELLDBTN,Stellendam buiten
2010,STELLDBTN,Stellendam buiten
2011,STELLDBTN,Stellendam buiten
2012,STELLDBTN,Stellendam buiten
2013,STELLDBTN,Stellendam buiten
2014,STELLDBTN,Stellendam buiten
2015,STELLDBTN,Stellendam buiten
2016,STELLDBTN,Stellendam buiten
2017,STELLDBTN,Stellendam buiten
2018,STELLDBTN,Stellendam buiten
2019,STELLDBTN,Stellendam buiten
2020,STELLDBTN,Stellendam buiten
2021,STELLDBTN,Stellendam buiten
2022,STELLDBTN,Stellendam buiten
2023,STELLDBTN,Stellendam buiten
2024,TERM,Termunterzijl
2024,TERS,Terschelling Noordzee
1989,TERSLNZE,Terschelling Noordzee
1990,TERSLNZE,Terschelling Noordzee
1991,TERSLNZE,Terschelling Noordzee
1992,TERSLNZE,Terschelling Noordzee
1993,TERSLNZE,Terschelling Noordzee
1994,TERSLNZE,Terschelling Noordzee
1995,TERSLNZE,Terschelling Noordzee
1996,TERSLNZE,Terschelling Noordzee
1997,TERSLNZE,Terschelling Noordzee
1998,TERSLNZE,Terschelling Noordzee
1999,TERSLNZE,Terschelling Noordzee
2000,TERSLNZE,Terschelling Noordzee
2001,TERSLNZE,Terschelling Noordzee
2002,TERSLNZE,Terschelling Noordzee
2003,TERSLNZE,Terschelling Noordzee
2004,TERSLNZE,Terschelling Noordzee
2005,TERSLNZE,Terschelling Noordzee
2006,TERSLNZE,Terschelling Noordzee
2007,TERSLNZE,Terschelling Noordzee
2008,TERSLNZE,Terschelling Noordzee
2009,TERSLNZE,Terschelling Noordzee
2010,TERSLNZE,Terschelling Noordzee
2011,TERSLNZE,Terschelling Noordzee
2012,TERSLNZE,Terschelling Noordzee
2013,TERSLNZE,Terschelling Noordzee
2014,TERSLNZE,Terschelling Noordzee
2015,TERSLNZE,Terschelling Noordzee
2016,TERSLNZE,Terschelling Noordzee
2017,TERSLNZE,Terschelling Noordzee
2018,TERSLNZE,Terschelling Noordzee
2019,TERSLNZE,Terschelling Noordzee
2020,TERSLNZE,Terschelling Noordzee
2021,TERSLNZE,Terschelling Noordzee
2022,TERSLNZE,Terschelling Noordzee
2023,TERSLNZE,Terschelling Noordzee
2024,TEXE,Texel Noordzee
1989,TEXNZE,Texel Noordzee
1990,TEXNZE,Texel Noordzee
1991,TEXNZE,Texel Noordzee
1992,TEXNZE,Texel Noordzee
1993,TEXNZE,Texel Noordzee
1994,TEXNZE,Texel Noordzee
1995,TEXNZE,Texel Noordzee
1996,TEXNZE,Texel Noordzee
1997,TEXNZE,Texel Noordzee
1998,TEXNZE,Texel Noordzee
1999,TEXNZE,Texel Noordzee
2000,TEXNZE,Texel Noordzee
2001,TEXNZE,Texel Noordzee
2002,TEXNZE,Texel Noordzee
2003,TEXNZE,Texel Noordzee
2004,TEXNZE,Texel Noordzee
2005,TEXNZE,Texel Noordzee
2006,TEXNZE,Texel Noordzee
2007,TEXNZE,Texel Noordzee
2008,TEXNZE,Texel Noordzee
2009,TEXNZE,Texel Noordzee
2010,TEXNZE,Texel Noordzee
2011,TEXNZE,Texel Noordzee
2012,TEXNZE,Texel Noordzee
2013,TEXNZE,Texel Noordzee
2014,TEXNZE,Texel Noordzee
2015,TEXNZE,Texel Noordzee
2016,TEXNZE,Texel Noordzee
2017,TEXNZE,Texel Noordzee
2018,TEXNZE,Texel Noordzee
2019,TEXNZE,Texel Noordzee
2020,TEXNZE,Texel Noordzee
2021,TEXNZE,Texel Noordzee
2022,TEXNZE,Texel Noordzee
2023,TEXNZE,Texel Noordzee
2024,UHW2,Uithuizerwad 2
2024,VLIE,Vlieland haven
1900,VLIELHVN,Vlieland haven
1901,VLIELHVN,Vlieland haven
1902,VLIELHVN,Vlieland haven
1903,VLIELHVN,Vlieland haven
1904,VLIELHVN,Vlieland haven
1905,VLIELHVN,Vlieland haven
1950,VLIELHVN,Vlieland haven
1951,VLIELHVN,Vlieland haven
1952,VLIELHVN,Vlieland haven
1953,VLIELHVN,Vlieland haven
1954,VLIELHVN,Vlieland haven
1955,VLIELHVN,Vlieland haven
1956,VLIELHVN,Vlieland haven
1957,VLIELHVN,Vlieland haven
1958,VLIELHVN,Vlieland haven
1959,VLIELHVN,Vlieland haven
1960,VLIELHVN,Vlieland haven
1961,VLIELHVN,Vlieland haven
1962,VLIELHVN,Vlieland haven
1963,VLIELHVN,Vlieland haven
1964,VLIELHVN,Vlieland haven
1965,VLIELHVN,Vlieland haven
1966,VLIELHVN,Vlieland haven
1967,VLIELHVN,Vlieland haven
1968,VLIELHVN,Vlieland haven
1969,VLIELHVN,Vlieland haven
1970,VLIELHVN,Vlieland haven
1971,VLIELHVN,Vlieland haven
1972,VLIELHVN,Vlieland haven
1973,VLIELHVN,Vlieland haven
1974,VLIELHVN,Vlieland haven
1975,VLIELHVN,Vlieland haven
1976,VLIELHVN,Vlieland haven
1977,VLIELHVN,Vlieland haven
1978,VLIELHVN,Vlieland haven
1979,VLIELHVN,Vlieland haven
1980,VLIELHVN,Vlieland haven
1981,VLIELHVN,Vlieland haven
1982,VLIELHVN,Vlieland haven
1983,VLIELHVN,Vlieland haven
1984,VLIELHVN,Vlieland haven
1985,VLIELHVN,Vlieland haven
1986,VLIELHVN,Vlieland haven
1987,VLIELHVN,Vlieland haven
1988,VLIELHVN,Vlieland haven
1989,VLIELHVN,Vlieland haven
1990,VLIELHVN,Vlieland haven
1991,VLIELHVN,Vlieland haven
1992,VLIELHVN,Vlieland haven
1993,VLIELHVN,Vlieland haven
1994,VLIELHVN,Vlieland haven
1995,VLIELHVN,Vlieland haven
1996,VLIELHVN,Vlieland haven
1997,VLIELHVN,Vlieland haven
1998,VLIELHVN,Vlieland haven
1999,VLIELHVN,Vlieland haven
2000,VLIELHVN,Vlieland haven
2001,VLIELHVN,Vlieland haven
2002,VLIELHVN,Vlieland haven
2003,VLIELHVN,Vlieland haven
2004,VLIELHVN,Vlieland haven
2005,VLIELHVN,Vlieland haven
2006,VLIELHVN,Vlieland haven
2007,VLIELHVN,Vlieland haven
2008,VLIELHVN,Vlieland haven
2009,VLIELHVN,Vlieland haven
2010,VLIELHVN,Vlieland haven
2011,VLIELHVN,Vlieland haven
2012,VLIELHVN,Vlieland haven
2013,VLIELHVN,Vlieland haven
2014,VLIELHVN,Vlieland haven
2015,VLIELHVN,Vlieland haven
2016,VLIELHVN,Vlieland haven
2017,VLIELHVN,Vlieland haven
2018,VLIELHVN,Vlieland haven
2019,VLIELHVN,Vlieland haven
2020,VLIELHVN,Vlieland haven
2021,VLIELHVN,Vlieland haven
2022,VLIELHVN,Vlieland haven
2023,VLIELHVN,Vlieland haven
2023,VLIS,Vlissingen
2024,VLIS,Vlissingen
1900,VLISSGN,Vlissingen
1901,VLISSGN,Vlissingen
1902,VLISSGN,Vlissingen
1903,VLISSGN,Vlissingen
1904,VLISSGN,Vlissingen
1905,VLISSGN,Vlissingen
1906,VLISSGN,Vlissingen
1907,VLISSGN,Vlissingen
1908,VLISSGN,Vlissingen
1909,VLISSGN,Vlissingen
1910,VLISSGN,Vlissingen
1911,VLISSGN,Vlissingen
1912,VLISSGN,Vlissingen
1913,VLISSGN,Vlissingen
1914,VLISSGN,Vlissingen
1915,VLISSGN,Vlissingen
1916,VLISSGN,Vlissingen
1917,VLISSGN,Vlissingen
1918,VLISSGN,Vlissingen
1919,VLISSGN,Vlissingen
1920,VLISSGN,Vlissingen
1921,VLISSGN,Vlissingen
1922,VLISSGN,Vlissingen
1923,VLISSGN,Vlissingen
1924,VLISSGN,Vlissingen
1925,VLISSGN,Vlissingen
1926,VLISSGN,Vlissingen
1927,VLISSGN,Vlissingen
1928,VLISSGN,Vlissingen
1929,VLISSGN,Vlissingen
1930,VLISSGN,Vlissingen
1931,VLISSGN,Vlissingen
1932,VLISSGN,Vlissingen
1933,VLISSGN,Vlissingen
1934,VLISSGN,Vlissingen
1935,VLISSGN,Vlissingen
1936,VLISSGN,Vlissingen
1937,VLISSGN,Vlissingen
1938,VLISSGN,Vlissingen
1939,VLISSGN,Vlissingen
1940,VLISSGN,Vlissingen
1941,VLISSGN,Vlissingen
1942,VLISSGN,Vlissingen
1943,VLISSGN,Vlissingen
1944,VLISSGN,Vlissingen
1945,VLISSGN,Vlissingen
1946,VLISSGN,Vlissingen
1947,VLISSGN,Vlissingen
1948,VLISSGN,Vlissingen
1949,VLISSGN,Vlissingen
1950,VLISSGN,Vlissingen
1951,VLISSGN,Vlissingen
1952,VLISSGN,Vlissingen
1953,VLISSGN,Vlissingen
1954,VLISSGN,Vlissingen
1955,VLISSGN,Vlissingen
1956,VLISSGN,Vlissingen
1957,VLISSGN,Vlissingen
1958,VLISSGN,Vlissingen
1959,VLISSGN,Vlissingen
1960,VLISSGN,Vlissingen
1961,VLISSGN,Vlissingen
1962,VLISSGN,Vlissingen
1963,VLISSGN,Vlissingen
1964,VLISSGN,Vlissingen
1965,VLISSGN,Vlissingen
1966,VLISSGN,Vlissingen
1967,VLISSGN,Vlissingen
1968,VLISSGN,Vlissingen
1969,VLISSGN,Vlissingen
1970,VLISSGN,Vlissingen
1971,VLISSGN,Vlissingen
1972,VLISSGN,Vlissingen
1973,VLISSGN,Vlissingen
1974,VLISSGN,Vlissingen
1975,VLISSGN,Vlissingen
1976,VLISSGN,Vlissingen
1977,VLISSGN,Vlissingen
1978,VLISSGN,Vlissingen
1979,VLISSGN,Vlissingen
1980,VLISSGN,Vlissingen
1981,VLISSGN,Vlissingen
1982,VLISSGN,Vlissingen
1983,VLISSGN,Vlissingen
1984,VLISSGN,Vlissingen
1985,VLISSGN,Vlissingen
1986,VLISSGN,Vlissingen
1987,VLISSGN,Vlissingen
1988,VLISSGN,Vlissingen
1989,VLISSGN,Vlissingen
1990,VLISSGN,Vlissingen
1991,VLISSGN,Vlissingen
1992,VLISSGN,Vlissingen
1993,VLISSGN,Vlissingen
1994,VLISSGN,Vlissingen
1995,VLISSGN,Vlissingen
1996,VLISSGN,Vlissingen
1997,VLISSGN,Vlissingen
1998,VLISSGN,Vlissingen
1999,VLISSGN,Vlissingen
2000,VLISSGN,Vlissingen
2001,VLISSGN,Vlissingen
2002,VLISSGN,Vlissingen
2003,VLISSGN,Vlissingen
2004,VLISSGN,Vlissingen
2005,VLISSGN,Vlissingen
2006,VLISSGN,Vlissingen
2007,VLISSGN,Vlissingen
2008,VLISSGN,Vlissingen
2009,VLISSGN,Vlissingen
2010,VLISSGN,Vlissingen
2011,VLISSGN,Vlissingen
2012,VLISSGN,Vlissingen
2013,VLISSGN,Vlissingen
2014,VLISSGN,Vlissingen
2015,VLISSGN,Vlissingen
2016,VLISSGN,Vlissingen
2017,VLISSGN,Vlissingen
2018,VLISSGN,Vlissingen
2019,VLISSGN,Vlissingen
2020,VLISSGN,Vlissingen
2021,VLISSGN,Vlissingen
2022,VLISSGN,Vlissingen
2023,VLISSGN,Vlissingen
2024,VR,Vlakte v/d Raan
1924,WESTTSLG,West-Terschelling
1925,WESTTSLG,West-Terschelling
1926,WESTTSLG,West-Terschelling
1927,WESTTSLG,West-Terschelling
1928,WESTTSLG,West-Terschelling
1929,WESTTSLG,West-Terschelling
1950,WESTTSLG,West-Terschelling
1951,WESTTSLG,West-Terschelling
1952,WESTTSLG,West-Terschelling
1953,WESTTSLG,West-Terschelling
1954,WESTTSLG,West-Terschelling
1955,WESTTSLG,West-Terschelling
1956,WESTTSLG,West-Terschelling
1957,WESTTSLG,West-Terschelling
1958,WESTTSLG,West-Terschelling
1959,WESTTSLG,West-Terschelling
1960,WESTTSLG,West-Terschelling
1961,WESTTSLG,West-Terschelling
1962,WESTTSLG,West-Terschelling
1963,WESTTSLG,West-Terschelling
1964,WESTTSLG,West-Terschelling
1965,WESTTSLG,West-Terschelling
1966,WESTTSLG,West-Terschelling
1967,WESTTSLG,West-Terschelling
1968,WESTTSLG,West-Terschelling
1969,WESTTSLG,West-Terschelling
1970,WESTTSLG,West-Terschelling
1971,WESTTSLG,West-Terschelling
1972,WESTTSLG,West-Terschelling
1973,WESTTSLG,West-Terschelling
1974,WESTTSLG,West-Terschelling
1975,WESTTSLG,West-Terschelling
1976,WESTTSLG,West-Terschelling
1977,WESTTSLG,West-Terschelling
1978,WESTTSLG,West-Terschelling
1979,WESTTSLG,West-Terschelling
1980,WESTTSLG,West-Terschelling
1981,WESTTSLG,West-Terschelling
1982,WESTTSLG,West-Terschelling
1983,WESTTSLG,West-Terschelling
1984,WESTTSLG,West-Terschelling
1985,WESTTSLG,West-Terschelling
1986,WESTTSLG,West-Terschelling
1987,WESTTSLG,West-Terschelling
1988,WESTTSLG,West-Terschelling
1989,WESTTSLG,West-Terschelling
1990,WESTTSLG,West-Terschelling
1991,WESTTSLG,West-Terschelling
1992,WESTTSLG,West-Terschelling
1993,WESTTSLG,West-Terschelling
1994,WESTTSLG,West-Terschelling
1995,WESTTSLG,West-Terschelling
1996,WESTTSLG,West-Terschelling
1997,WESTTSLG,West-Terschelling
1998,WESTTSLG,West-Terschelling
1999,WESTTSLG,West-Terschelling
2000,WESTTSLG,West-Terschelling
2001,WESTTSLG,West-Terschelling
2002,WESTTSLG,West-Terschelling
2003,WESTTSLG,West-Terschelling
2004,WESTTSLG,West-Terschelling
2005,WESTTSLG,West-Terschelling
2006,WESTTSLG,West-Terschelling
2007,WESTTSLG,West-Terschelling
2008,WESTTSLG,West-Terschelling
2009,WESTTSLG,West-Terschelling
2010,WESTTSLG,West-Terschelling
2011,WESTTSLG,West-Terschelling
2012,WESTTSLG,West-Terschelling
2013,WESTTSLG,West-Terschelling
2014,WESTTSLG,West-Terschelling
2015,WESTTSLG,West-Terschelling
2016,WESTTSLG,West-Terschelling
2017,WESTTSLG,West-Terschelling
2018,WESTTSLG,West-Terschelling
2019,WESTTSLG,West-Terschelling
2020,WESTTSLG,West-Terschelling
2021,WESTTSLG,West-Terschelling
2022,WESTTSLG,West-Terschelling
2023,WESTTSLG,West-Terschelling
2024,WTER,West-Terschelling
